Bias,Excitation
2,0.095318
1.999,0.093699
1.998,0.09477
1.997,0.095512
1.996,0.094978
1.995,0.094814
1.994,0.09523
1.993,0.09488
1.992,0.094378
1.991,0.094486
1.99,0.093279
1.989,0.094024
1.988,0.095238
1.987,0.095304
1.986,0.09364
1.985,0.094642
1.984,0.094167
1.983,0.095578
1.982,0.095183
1.981,0.094235
1.98,0.095061
1.979,0.094261
1.978,0.094998
1.977,0.094661
1.976,0.094867
1.975,0.094337
1.974,0.094409
1.973,0.094651
1.972,0.095138
1.971,0.095057
1.97,0.094606
1.969,0.094625
1.968,0.094721
1.967,0.094321
1.966,0.094978
1.965,0.094296
1.964,0.093929
1.963,0.09502
1.962,0.095322
1.961,0.094695
1.96,0.09537
1.959,0.094156
1.958,0.094523
1.957,0.095343
1.956,0.094569
1.955,0.094099
1.954,0.094932
1.953,0.094925
1.952,0.094964
1.951,0.09499
1.95,0.094684
1.949,0.094006
1.948,0.09481
1.947,0.094636
1.946,0.094327
1.945,0.094679
1.944,0.094278
1.943,0.093918
1.942,0.095162
1.941,0.095749
1.94,0.094551
1.939,0.093774
1.938,0.093938
1.937,0.094408
1.936,0.094994
1.935,0.095236
1.934,0.094028
1.933,0.093828
1.932,0.094983
1.931,0.094968
1.93,0.092994
1.929,0.093602
1.928,0.094012
1.927,0.095047
1.926,0.093886
1.925,0.094448
1.924,0.093852
1.923,0.094158
1.922,0.095315
1.921,0.095012
1.92,0.094565
1.919,0.094925
1.918,0.093943
1.917,0.094241
1.916,0.094293
1.915,0.094034
1.914,0.093648
1.913,0.094266
1.912,0.094197
1.911,0.094094
1.91,0.094059
1.909,0.094051
1.908,0.09364
1.907,0.094108
1.906,0.093607
1.905,0.094577
1.904,0.094415
1.903,0.093905
1.902,0.09428
1.901,0.094527
1.9,0.094463
1.899,0.0939
1.898,0.095102
1.897,0.0938
1.896,0.094305
1.895,0.094526
1.894,0.093877
1.893,0.094714
1.892,0.094808
1.891,0.093891
1.89,0.094436
1.889,0.093784
1.888,0.094097
1.887,0.094721
1.886,0.094631
1.885,0.094755
1.884,0.094789
1.883,0.094608
1.882,0.094728
1.881,0.094593
1.88,0.09364
1.879,0.093928
1.878,0.094455
1.877,0.094182
1.876,0.093061
1.875,0.094126
1.874,0.093957
1.873,0.093768
1.872,0.094421
1.871,0.094809
1.87,0.09372
1.869,0.09357
1.868,0.094723
1.867,0.094427
1.866,0.094678
1.865,0.094608
1.864,0.093994
1.863,0.093898
1.862,0.094268
1.861,0.093908
1.86,0.094084
1.859,0.093638
1.858,0.094783
1.857,0.094895
1.856,0.094259
1.855,0.093866
1.854,0.093353
1.853,0.094254
1.852,0.095237
1.851,0.095127
1.85,0.093367
1.849,0.094098
1.848,0.093733
1.847,0.094424
1.846,0.094703
1.845,0.094463
1.844,0.094292
1.843,0.093774
1.842,0.094518
1.841,0.094684
1.84,0.093976
1.839,0.093605
1.838,0.094241
1.837,0.093892
1.836,0.094608
1.835,0.094169
1.834,0.093786
1.833,0.094412
1.832,0.094885
1.831,0.09372
1.83,0.093824
1.829,0.094392
1.828,0.093866
1.827,0.094084
1.826,0.09393
1.825,0.093896
1.824,0.093573
1.823,0.093867
1.822,0.094202
1.821,0.093375
1.82,0.094147
1.819,0.09381
1.818,0.093231
1.817,0.094206
1.816,0.09354
1.815,0.093731
1.814,0.093396
1.813,0.093615
1.812,0.094875
1.811,0.094156
1.81,0.093344
1.809,0.09265
1.808,0.093977
1.807,0.09387
1.806,0.093617
1.805,0.093585
1.804,0.093815
1.803,0.094054
1.802,0.094015
1.801,0.093466
1.8,0.093
1.799,0.093016
1.798,0.093968
1.797,0.093958
1.796,0.094163
1.795,0.093971
1.794,0.093795
1.793,0.094132
1.792,0.094395
1.791,0.093858
1.79,0.093992
1.789,0.094306
1.788,0.094172
1.787,0.094694
1.786,0.094407
1.785,0.093629
1.784,0.09409
1.783,0.093627
1.782,0.093557
1.781,0.094312
1.78,0.0935
1.779,0.093576
1.778,0.093905
1.777,0.094378
1.776,0.094441
1.775,0.0941
1.774,0.093772
1.773,0.094133
1.772,0.093693
1.771,0.093968
1.77,0.093694
1.769,0.09335
1.768,0.093431
1.767,0.093201
1.766,0.0938
1.765,0.094524
1.764,0.093323
1.763,0.094721
1.762,0.093562
1.761,0.094867
1.76,0.093542
1.759,0.0931
1.758,0.093536
1.757,0.093525
1.756,0.093976
1.755,0.094369
1.754,0.092995
1.753,0.093555
1.752,0.093919
1.751,0.093998
1.75,0.0933
1.749,0.094039
1.748,0.093644
1.747,0.093669
1.746,0.093685
1.745,0.094948
1.744,0.093866
1.743,0.094064
1.742,0.093728
1.741,0.093255
1.74,0.093577
1.739,0.092722
1.738,0.093816
1.737,0.093663
1.736,0.093454
1.735,0.093798
1.734,0.093156
1.733,0.093521
1.732,0.093216
1.731,0.093767
1.73,0.093058
1.729,0.093217
1.728,0.094319
1.727,0.093371
1.726,0.093368
1.725,0.093483
1.724,0.0929
1.723,0.093518
1.722,0.094367
1.721,0.093825
1.72,0.09401
1.719,0.09362
1.718,0.093426
1.717,0.093444
1.716,0.093522
1.715,0.093386
1.714,0.09413
1.713,0.092988
1.712,0.094503
1.711,0.093384
1.71,0.09297
1.709,0.093184
1.708,0.093711
1.707,0.09314
1.706,0.093975
1.705,0.093104
1.704,0.094022
1.703,0.092769
1.702,0.093246
1.701,0.093281
1.7,0.093236
1.699,0.092387
1.698,0.093812
1.697,0.093909
1.696,0.093462
1.695,0.093058
1.694,0.093673
1.693,0.094061
1.692,0.093995
1.691,0.093393
1.69,0.093478
1.689,0.093532
1.688,0.093792
1.687,0.094895
1.686,0.093849
1.685,0.093426
1.684,0.093368
1.683,0.093152
1.682,0.092693
1.681,0.094383
1.68,0.093256
1.679,0.09285
1.678,0.094045
1.677,0.094115
1.676,0.093351
1.675,0.092344
1.674,0.093645
1.673,0.093946
1.672,0.093663
1.671,0.093326
1.67,0.092806
1.669,0.092811
1.668,0.094218
1.667,0.093868
1.666,0.092963
1.665,0.092855
1.664,0.092495
1.663,0.093542
1.662,0.094103
1.661,0.093554
1.66,0.092735
1.659,0.093634
1.658,0.093351
1.657,0.093887
1.656,0.093437
1.655,0.093429
1.654,0.092815
1.653,0.093428
1.652,0.092905
1.651,0.09315
1.65,0.093129
1.649,0.093532
1.648,0.093368
1.647,0.093633
1.646,0.09364
1.645,0.093211
1.644,0.093376
1.643,0.093816
1.642,0.093447
1.641,0.093003
1.64,0.093403
1.639,0.092818
1.638,0.093747
1.637,0.094025
1.636,0.093504
1.635,0.09356
1.634,0.093009
1.633,0.094316
1.632,0.093827
1.631,0.093371
1.63,0.093196
1.629,0.093925
1.628,0.093511
1.627,0.093445
1.626,0.092749
1.625,0.092896
1.624,0.094244
1.623,0.09359
1.622,0.093796
1.621,0.093613
1.62,0.092221
1.619,0.093545
1.618,0.092518
1.617,0.093603
1.616,0.093158
1.615,0.093245
1.614,0.092999
1.613,0.092547
1.612,0.093554
1.611,0.092942
1.61,0.0933
1.609,0.093664
1.608,0.093219
1.607,0.09306
1.606,0.093397
1.605,0.093488
1.604,0.093859
1.603,0.093147
1.602,0.093057
1.601,0.093149
1.6,0.093625
1.599,0.092914
1.598,0.093774
1.597,0.092917
1.596,0.092389
1.595,0.093296
1.594,0.094037
1.593,0.093711
1.592,0.093164
1.591,0.09367
1.59,0.092948
1.589,0.093778
1.588,0.092489
1.587,0.093213
1.586,0.092744
1.585,0.093545
1.584,0.093395
1.583,0.093091
1.582,0.09335
1.581,0.09325
1.58,0.093218
1.579,0.093558
1.578,0.093202
1.577,0.092953
1.576,0.093172
1.575,0.093424
1.574,0.094012
1.573,0.093175
1.572,0.094002
1.571,0.093894
1.57,0.093506
1.569,0.093726
1.568,0.09377
1.567,0.092933
1.566,0.093463
1.565,0.092568
1.564,0.092956
1.563,0.093477
1.562,0.093119
1.561,0.093316
1.56,0.092724
1.559,0.093925
1.558,0.093668
1.557,0.092578
1.556,0.093878
1.555,0.093321
1.554,0.093199
1.553,0.093344
1.552,0.093245
1.551,0.093905
1.55,0.093195
1.549,0.093296
1.548,0.093325
1.547,0.09326
1.546,0.092509
1.545,0.093002
1.544,0.093511
1.543,0.092484
1.542,0.093677
1.541,0.093016
1.54,0.092918
1.539,0.094051
1.538,0.092253
1.537,0.092499
1.536,0.093079
1.535,0.092588
1.534,0.093188
1.533,0.093519
1.532,0.092525
1.531,0.092707
1.53,0.092727
1.529,0.093564
1.528,0.093409
1.527,0.092947
1.526,0.092802
1.525,0.092823
1.524,0.09385
1.523,0.093106
1.522,0.092773
1.521,0.092964
1.52,0.092949
1.519,0.092774
1.518,0.092551
1.517,0.093505
1.516,0.093086
1.515,0.093982
1.514,0.093168
1.513,0.093067
1.512,0.092683
1.511,0.093499
1.51,0.092779
1.509,0.093025
1.508,0.093666
1.507,0.093345
1.506,0.093247
1.505,0.092866
1.504,0.093269
1.503,0.093023
1.502,0.093284
1.501,0.092981
1.5,0.093367
1.499,0.093496
1.498,0.093165
1.497,0.093492
1.496,0.093046
1.495,0.093682
1.494,0.093829
1.493,0.092314
1.492,0.092675
1.491,0.093253
1.49,0.092726
1.489,0.092966
1.488,0.092352
1.487,0.092035
1.486,0.092951
1.485,0.093026
1.484,0.094257
1.483,0.092962
1.482,0.093425
1.481,0.093084
1.48,0.093266
1.479,0.093045
1.478,0.092298
1.477,0.092949
1.476,0.093018
1.475,0.093849
1.474,0.092579
1.473,0.092543
1.472,0.092871
1.471,0.092206
1.47,0.092639
1.469,0.093855
1.468,0.093161
1.467,0.093195
1.466,0.092522
1.465,0.093339
1.464,0.092619
1.463,0.093133
1.462,0.092888
1.461,0.092981
1.46,0.093614
1.459,0.093474
1.458,0.092603
1.457,0.092976
1.456,0.092964
1.455,0.093011
1.454,0.092574
1.453,0.092092
1.452,0.091617
1.451,0.09234
1.45,0.092725
1.449,0.093062
1.448,0.092039
1.447,0.093536
1.446,0.092605
1.445,0.09312
1.444,0.093307
1.443,0.091912
1.442,0.092155
1.441,0.093097
1.44,0.09296
1.439,0.093156
1.438,0.0928
1.437,0.092766
1.436,0.093471
1.435,0.092999
1.434,0.09296
1.433,0.092884
1.432,0.09208
1.431,0.092424
1.43,0.093006
1.429,0.093792
1.428,0.092588
1.427,0.092852
1.426,0.093444
1.425,0.093478
1.424,0.093365
1.423,0.093624
1.422,0.092878
1.421,0.092791
1.42,0.09342
1.419,0.092729
1.418,0.092032
1.417,0.092388
1.416,0.092615
1.415,0.092326
1.414,0.092649
1.413,0.092531
1.412,0.092542
1.411,0.092649
1.41,0.092392
1.409,0.093022
1.408,0.09246
1.407,0.092536
1.406,0.092419
1.405,0.093388
1.404,0.092818
1.403,0.092523
1.402,0.093782
1.401,0.092968
1.4,0.093352
1.399,0.092767
1.398,0.092234
1.397,0.092884
1.396,0.09321
1.395,0.092569
1.394,0.092606
1.393,0.092353
1.392,0.092448
1.391,0.092296
1.39,0.092424
1.389,0.09306
1.388,0.092065
1.387,0.092042
1.386,0.094104
1.385,0.092444
1.384,0.092395
1.383,0.09221
1.382,0.091997
1.381,0.092836
1.38,0.092414
1.379,0.092371
1.378,0.092194
1.377,0.093505
1.376,0.092347
1.375,0.093003
1.374,0.092346
1.373,0.092777
1.372,0.092982
1.371,0.092957
1.37,0.092905
1.369,0.092737
1.368,0.092957
1.367,0.092683
1.366,0.093528
1.365,0.092708
1.364,0.092925
1.363,0.092779
1.362,0.092345
1.361,0.092304
1.36,0.092573
1.359,0.092727
1.358,0.092011
1.357,0.093111
1.356,0.093771
1.355,0.091854
1.354,0.092179
1.353,0.091321
1.352,0.091418
1.351,0.092904
1.35,0.092221
1.349,0.091631
1.348,0.092437
1.347,0.092499
1.346,0.093507
1.345,0.092909
1.344,0.092951
1.343,0.091788
1.342,0.092549
1.341,0.092727
1.34,0.092591
1.339,0.09304
1.338,0.093124
1.337,0.092205
1.336,0.092591
1.335,0.092278
1.334,0.092334
1.333,0.092277
1.332,0.092943
1.331,0.092289
1.33,0.092581
1.329,0.092688
1.328,0.092153
1.327,0.092586
1.326,0.092667
1.325,0.093131
1.324,0.09227
1.323,0.092503
1.322,0.092419
1.321,0.092651
1.32,0.092421
1.319,0.092539
1.318,0.092283
1.317,0.092282
1.316,0.09368
1.315,0.092866
1.314,0.092417
1.313,0.092121
1.312,0.093003
1.311,0.09278
1.31,0.092522
1.309,0.093644
1.308,0.092273
1.307,0.092905
1.306,0.092828
1.305,0.093222
1.304,0.091841
1.303,0.091585
1.302,0.093027
1.301,0.092633
1.3,0.092398
1.299,0.092729
1.298,0.092378
1.297,0.09276
1.296,0.093043
1.295,0.092437
1.294,0.092675
1.293,0.091168
1.292,0.093005
1.291,0.09207
1.29,0.092296
1.289,0.092494
1.288,0.091965
1.287,0.092179
1.286,0.093159
1.285,0.092056
1.284,0.092488
1.283,0.091901
1.282,0.092499
1.281,0.092935
1.28,0.091865
1.279,0.092206
1.278,0.092149
1.277,0.092831
1.276,0.092984
1.275,0.091792
1.274,0.092611
1.273,0.092225
1.272,0.092727
1.271,0.092343
1.27,0.092267
1.269,0.092135
1.268,0.092768
1.267,0.091792
1.266,0.092922
1.265,0.092133
1.264,0.092423
1.263,0.09231
1.262,0.091652
1.261,0.092348
1.26,0.092783
1.259,0.091911
1.258,0.092397
1.257,0.092182
1.256,0.093245
1.255,0.092551
1.254,0.091658
1.253,0.092577
1.252,0.092076
1.251,0.092663
1.25,0.092546
1.249,0.091675
1.248,0.092458
1.247,0.092267
1.246,0.092657
1.245,0.092905
1.244,0.092487
1.243,0.092439
1.242,0.091696
1.241,0.091982
1.24,0.092098
1.239,0.091737
1.238,0.09248
1.237,0.091521
1.236,0.092447
1.235,0.091905
1.234,0.092095
1.233,0.092153
1.232,0.092405
1.231,0.093104
1.23,0.092072
1.229,0.092397
1.228,0.091849
1.227,0.09244
1.226,0.092684
1.225,0.091981
1.224,0.092392
1.223,0.091942
1.222,0.092008
1.221,0.092846
1.22,0.091849
1.219,0.092586
1.218,0.092103
1.217,0.09244
1.216,0.092788
1.215,0.091915
1.214,0.091569
1.213,0.092568
1.212,0.091863
1.211,0.092886
1.21,0.092416
1.209,0.092369
1.208,0.091227
1.207,0.092064
1.206,0.092071
1.205,0.091782
1.204,0.092252
1.203,0.091399
1.202,0.092479
1.201,0.092252
1.2,0.092695
1.199,0.092401
1.198,0.09173
1.197,0.0914
1.196,0.092459
1.195,0.092425
1.194,0.09257
1.193,0.091152
1.192,0.092108
1.191,0.091642
1.19,0.091794
1.189,0.091576
1.188,0.092283
1.187,0.09156
1.186,0.092184
1.185,0.092173
1.184,0.09181
1.183,0.091948
1.182,0.091654
1.181,0.091787
1.18,0.092035
1.179,0.092073
1.178,0.092145
1.177,0.092417
1.176,0.092826
1.175,0.092148
1.174,0.091414
1.173,0.091672
1.172,0.092596
1.171,0.093023
1.17,0.092593
1.169,0.091884
1.168,0.091985
1.167,0.090947
1.166,0.092245
1.165,0.092889
1.164,0.09266
1.163,0.091918
1.162,0.092029
1.161,0.092581
1.16,0.093028
1.159,0.092575
1.158,0.092433
1.157,0.092807
1.156,0.092869
1.155,0.092064
1.154,0.091895
1.153,0.092303
1.152,0.092167
1.151,0.092484
1.15,0.092052
1.149,0.091804
1.148,0.091991
1.147,0.091797
1.146,0.092439
1.145,0.092311
1.144,0.092392
1.143,0.091537
1.142,0.091355
1.141,0.092085
1.14,0.092638
1.139,0.091657
1.138,0.091967
1.137,0.091461
1.136,0.092541
1.135,0.092182
1.134,0.091464
1.133,0.092273
1.132,0.092181
1.131,0.092654
1.13,0.092451
1.129,0.091495
1.128,0.092322
1.127,0.092441
1.126,0.092204
1.125,0.092643
1.124,0.09195
1.123,0.091783
1.122,0.091644
1.121,0.092319
1.12,0.091322
1.119,0.092878
1.118,0.092232
1.117,0.091778
1.116,0.091658
1.115,0.09168
1.114,0.091529
1.113,0.091641
1.112,0.091866
1.111,0.091801
1.11,0.09161
1.109,0.092373
1.108,0.091695
1.107,0.091651
1.106,0.092422
1.105,0.091535
1.104,0.091215
1.103,0.090773
1.102,0.091588
1.101,0.091984
1.1,0.091356
1.099,0.091826
1.098,0.09216
1.097,0.091504
1.096,0.092037
1.095,0.092126
1.094,0.091884
1.093,0.091778
1.092,0.091695
1.091,0.092888
1.09,0.091246
1.089,0.091957
1.088,0.091621
1.087,0.091968
1.086,0.091669
1.085,0.092124
1.084,0.092839
1.083,0.092259
1.082,0.091715
1.081,0.092227
1.08,0.092353
1.079,0.092788
1.078,0.091854
1.077,0.092013
1.076,0.092179
1.075,0.091881
1.074,0.092224
1.073,0.091631
1.072,0.092075
1.071,0.091191
1.07,0.092285
1.069,0.092241
1.068,0.091591
1.067,0.091551
1.066,0.091298
1.065,0.091823
1.064,0.091829
1.063,0.092369
1.062,0.091799
1.061,0.091929
1.06,0.092425
1.059,0.092324
1.058,0.091868
1.057,0.091653
1.056,0.091658
1.055,0.09237
1.054,0.09271
1.053,0.092398
1.052,0.091793
1.051,0.090824
1.05,0.092088
1.049,0.092356
1.048,0.091661
1.047,0.092457
1.046,0.09135
1.045,0.09269
1.044,0.092088
1.043,0.092004
1.042,0.090892
1.041,0.09131
1.04,0.091174
1.039,0.091729
1.038,0.09187
1.037,0.090705
1.036,0.091853
1.035,0.091938
1.034,0.091993
1.033,0.09116
1.032,0.091331
1.031,0.091182
1.03,0.091828
1.029,0.091982
1.028,0.092096
1.027,0.092771
1.026,0.092357
1.025,0.091941
1.024,0.089265
1.023,0.091135
1.022,0.091582
1.021,0.091669
1.02,0.092111
1.019,0.090872
1.018,0.090726
1.017,0.092222
1.016,0.092149
1.015,0.091793
1.014,0.09235
1.013,0.091096
1.012,0.092131
1.011,0.091798
1.01,0.090852
1.009,0.090728
1.008,0.091562
1.007,0.091931
1.006,0.092109
1.005,0.092357
1.004,0.091369
1.003,0.091708
1.002,0.091581
1.001,0.091118
1,0.091816
0.999,0.091428
0.998,0.091899
0.997,0.092219
0.996,0.092299
0.995,0.09128
0.994,0.090585
0.993,0.091926
0.992,0.091266
0.991,0.091588
0.99,0.091301
0.989,0.091459
0.988,0.092414
0.987,0.091732
0.986,0.090548
0.985,0.092127
0.984,0.092038
0.983,0.091675
0.982,0.092111
0.981,0.091531
0.98,0.091207
0.979,0.091757
0.978,0.092811
0.977,0.092711
0.976,0.091137
0.975,0.092245
0.974,0.092096
0.973,0.091456
0.972,0.091725
0.971,0.091866
0.97,0.0922
0.969,0.090753
0.968,0.091281
0.967,0.092369
0.966,0.091381
0.965,0.091743
0.964,0.091945
0.963,0.091948
0.962,0.092622
0.961,0.092469
0.96,0.091758
0.959,0.091651
0.958,0.091949
0.957,0.091505
0.956,0.091334
0.955,0.091747
0.954,0.091514
0.953,0.09216
0.952,0.09212
0.951,0.091976
0.95,0.092025
0.949,0.091744
0.948,0.092192
0.947,0.091356
0.946,0.092141
0.945,0.091512
0.944,0.09101
0.943,0.091975
0.942,0.09164
0.941,0.091509
0.94,0.091818
0.939,0.091552
0.938,0.091395
0.937,0.090953
0.936,0.091386
0.935,0.093019
0.934,0.091487
0.933,0.091564
0.932,0.090897
0.931,0.091004
0.93,0.09187
0.929,0.092015
0.928,0.091538
0.927,0.091467
0.926,0.092465
0.925,0.091745
0.924,0.09188
0.923,0.091931
0.922,0.091598
0.921,0.090403
0.92,0.091831
0.919,0.091813
0.918,0.091776
0.917,0.092041
0.916,0.09189
0.915,0.091091
0.914,0.091899
0.913,0.091162
0.912,0.091574
0.911,0.091246
0.91,0.091326
0.909,0.091737
0.908,0.091241
0.907,0.092417
0.906,0.091466
0.905,0.092356
0.904,0.091871
0.903,0.092059
0.902,0.091417
0.901,0.092043
0.9,0.092351
0.899,0.091533
0.898,0.091515
0.897,0.090995
0.896,0.091938
0.895,0.091493
0.894,0.091407
0.893,0.091109
0.892,0.091522
0.891,0.091241
0.89,0.091351
0.889,0.091243
0.888,0.090551
0.887,0.092042
0.886,0.091152
0.885,0.091339
0.884,0.09136
0.883,0.091561
0.882,0.090745
0.881,0.090927
0.88,0.091775
0.879,0.091093
0.878,0.091545
0.877,0.09148
0.876,0.091099
0.875,0.091408
0.874,0.091625
0.873,0.091453
0.872,0.090975
0.871,0.091082
0.87,0.092428
0.869,0.092552
0.868,0.091857
0.867,0.091545
0.866,0.092288
0.865,0.091227
0.864,0.091629
0.863,0.091268
0.862,0.091402
0.861,0.091958
0.86,0.092016
0.859,0.090871
0.858,0.091332
0.857,0.090965
0.856,0.09193
0.855,0.091245
0.854,0.091914
0.853,0.090904
0.852,0.091771
0.851,0.091802
0.85,0.092057
0.849,0.091992
0.848,0.091217
0.847,0.092125
0.846,0.091133
0.845,0.091782
0.844,0.091257
0.843,0.091611
0.842,0.091312
0.841,0.091489
0.84,0.092179
0.839,0.090762
0.838,0.09138
0.837,0.09137
0.836,0.091817
0.835,0.091158
0.834,0.09108
0.833,0.091925
0.832,0.091785
0.831,0.090589
0.83,0.092298
0.829,0.091605
0.828,0.091065
0.827,0.090249
0.826,0.091627
0.825,0.091885
0.824,0.091319
0.823,0.092353
0.822,0.090709
0.821,0.092508
0.82,0.092718
0.819,0.090677
0.818,0.090636
0.817,0.091896
0.816,0.091676
0.815,0.091803
0.814,0.090756
0.813,0.091357
0.812,0.091294
0.811,0.091205
0.81,0.091713
0.809,0.090709
0.808,0.090548
0.807,0.090698
0.806,0.09146
0.805,0.091959
0.804,0.090832
0.803,0.090983
0.802,0.091775
0.801,0.091071
0.8,0.091726
0.799,0.091119
0.798,0.091152
0.797,0.092083
0.796,0.091133
0.795,0.091227
0.794,0.091103
0.793,0.091037
0.792,0.090949
0.791,0.091214
0.79,0.091789
0.789,0.090996
0.788,0.09104
0.787,0.091188
0.786,0.091142
0.785,0.090712
0.784,0.0916
0.783,0.092227
0.782,0.090458
0.781,0.091374
0.78,0.091273
0.779,0.091124
0.778,0.091226
0.777,0.091625
0.776,0.091774
0.775,0.091061
0.774,0.090912
0.773,0.091794
0.772,0.091669
0.771,0.091645
0.77,0.092166
0.769,0.091551
0.768,0.090909
0.767,0.090933
0.766,0.091247
0.765,0.091817
0.764,0.091012
0.763,0.09126
0.762,0.091647
0.761,0.089628
0.76,0.091655
0.759,0.091342
0.758,0.091168
0.757,0.091846
0.756,0.091415
0.755,0.091438
0.754,0.091034
0.753,0.091328
0.752,0.091309
0.751,0.091689
0.75,0.091368
0.749,0.090636
0.748,0.09165
0.747,0.091479
0.746,0.091972
0.745,0.09086
0.744,0.091689
0.743,0.091455
0.742,0.091382
0.741,0.090245
0.74,0.091496
0.739,0.090723
0.738,0.091387
0.737,0.091822
0.736,0.091361
0.735,0.091612
0.734,0.090847
0.733,0.091393
0.732,0.091662
0.731,0.091598
0.73,0.091389
0.729,0.090524
0.728,0.090064
0.727,0.091637
0.726,0.091264
0.725,0.090541
0.724,0.09079
0.723,0.090495
0.722,0.091523
0.721,0.091441
0.72,0.091845
0.719,0.090241
0.718,0.091577
0.717,0.09074
0.716,0.09069
0.715,0.091408
0.714,0.09096
0.713,0.090722
0.712,0.09148
0.711,0.091228
0.71,0.090855
0.709,0.089751
0.708,0.090525
0.707,0.091368
0.706,0.091596
0.705,0.092353
0.704,0.090678
0.703,0.091146
0.702,0.090977
0.701,0.091102
0.7,0.090976
0.699,0.090825
0.698,0.090992
0.697,0.091203
0.696,0.090723
0.695,0.091413
0.694,0.090753
0.693,0.090188
0.692,0.091687
0.691,0.091473
0.69,0.091605
0.689,0.091049
0.688,0.090713
0.687,0.091993
0.686,0.090825
0.685,0.090494
0.684,0.091764
0.683,0.091287
0.682,0.091172
0.681,0.090861
0.68,0.090204
0.679,0.090269
0.678,0.091569
0.677,0.091458
0.676,0.092084
0.675,0.090904
0.674,0.090809
0.673,0.090828
0.672,0.091464
0.671,0.090268
0.67,0.091263
0.669,0.090886
0.668,0.090677
0.667,0.091303
0.666,0.090527
0.665,0.091151
0.664,0.09045
0.663,0.091409
0.662,0.091601
0.661,0.091528
0.66,0.091237
0.659,0.090833
0.658,0.091582
0.657,0.091333
0.656,0.090932
0.655,0.091426
0.654,0.090705
0.653,0.091179
0.652,0.091269
0.651,0.0912
0.65,0.091485
0.649,0.090781
0.648,0.090572
0.647,0.09127
0.646,0.091027
0.645,0.089662
0.644,0.090084
0.643,0.090403
0.642,0.091544
0.641,0.091251
0.64,0.09052
0.639,0.09132
0.638,0.091236
0.637,0.09219
0.636,0.091509
0.635,0.089857
0.634,0.091103
0.633,0.090968
0.632,0.091183
0.631,0.090702
0.63,0.089376
0.629,0.090409
0.628,0.090826
0.627,0.090889
0.626,0.091416
0.625,0.090209
0.624,0.090608
0.623,0.090814
0.622,0.091258
0.621,0.090936
0.62,0.0909
0.619,0.090718
0.618,0.091913
0.617,0.091392
0.616,0.090827
0.615,0.089782
0.614,0.09117
0.613,0.091935
0.612,0.090932
0.611,0.091647
0.61,0.090531
0.609,0.090685
0.608,0.090625
0.607,0.091376
0.606,0.090747
0.605,0.090946
0.604,0.089913
0.603,0.090969
0.602,0.091053
0.601,0.090432
0.6,0.090342
0.599,0.090487
0.598,0.090796
0.597,0.090583
0.596,0.090635
0.595,0.09074
0.594,0.090799
0.593,0.0911
0.592,0.09117
0.591,0.09135
0.59,0.091084
0.589,0.090329
0.588,0.091824
0.587,0.091319
0.586,0.091124
0.585,0.090591
0.584,0.091611
0.583,0.090991
0.582,0.091317
0.581,0.09076
0.58,0.090029
0.579,0.090896
0.578,0.090419
0.577,0.091846
0.576,0.089947
0.575,0.090467
0.574,0.09056
0.573,0.09174
0.572,0.091173
0.571,0.09028
0.57,0.090684
0.569,0.090545
0.568,0.090519
0.567,0.091743
0.566,0.090571
0.565,0.090032
0.564,0.090406
0.563,0.090912
0.562,0.09075
0.561,0.090158
0.56,0.090103
0.559,0.090916
0.558,0.090827
0.557,0.090386
0.556,0.090857
0.555,0.091324
0.554,0.090597
0.553,0.090792
0.552,0.091382
0.551,0.090596
0.55,0.091009
0.549,0.091301
0.548,0.091804
0.547,0.09098
0.546,0.090893
0.545,0.090881
0.544,0.09081
0.543,0.091546
0.542,0.090664
0.541,0.090451
0.54,0.090715
0.539,0.091004
0.538,0.090077
0.537,0.09051
0.536,0.091248
0.535,0.090784
0.534,0.09034
0.533,0.090544
0.532,0.090946
0.531,0.090632
0.53,0.091103
0.529,0.090765
0.528,0.090713
0.527,0.091223
0.526,0.090463
0.525,0.090785
0.524,0.091214
0.523,0.090422
0.522,0.09128
0.521,0.091016
0.52,0.090054
0.519,0.090348
0.518,0.090758
0.517,0.090678
0.516,0.090574
0.515,0.090568
0.514,0.091328
0.513,0.091463
0.512,0.091
0.511,0.090275
0.51,0.090327
0.509,0.091832
0.508,0.0919
0.507,0.091204
0.506,0.090494
0.505,0.089633
0.504,0.091142
0.503,0.09075
0.502,0.090552
0.501,0.090372
0.5,0.090745
0.499,0.091503
0.498,0.090724
0.497,0.091521
0.496,0.090334
0.495,0.091062
0.494,0.090597
0.493,0.090874
0.492,0.090843
0.491,0.090117
0.49,0.090567
0.489,0.091479
0.488,0.090607
0.487,0.09058
0.486,0.090166
0.485,0.089931
0.484,0.090624
0.483,0.089999
0.482,0.091164
0.481,0.090279
0.48,0.090291
0.479,0.090477
0.478,0.090812
0.477,0.090468
0.476,0.090924
0.475,0.090799
0.474,0.091176
0.473,0.090999
0.472,0.091434
0.471,0.090347
0.47,0.090442
0.469,0.091278
0.468,0.089883
0.467,0.090758
0.466,0.090587
0.465,0.09093
0.464,0.090538
0.463,0.090936
0.462,0.090475
0.461,0.09111
0.46,0.091134
0.459,0.090899
0.458,0.091376
0.457,0.090449
0.456,0.090696
0.455,0.090139
0.454,0.090871
0.453,0.09097
0.452,0.09039
0.451,0.089465
0.45,0.090325
0.449,0.090894
0.448,0.090991
0.447,0.091353
0.446,0.090157
0.445,0.090852
0.444,0.09094
0.443,0.090766
0.442,0.091238
0.441,0.090054
0.44,0.090394
0.439,0.090536
0.438,0.090482
0.437,0.090226
0.436,0.090419
0.435,0.091498
0.434,0.091007
0.433,0.090488
0.432,0.090994
0.431,0.090342
0.43,0.090411
0.429,0.090524
0.428,0.091201
0.427,0.090878
0.426,0.09077
0.425,0.090321
0.424,0.091139
0.423,0.090826
0.422,0.090772
0.421,0.090274
0.42,0.090017
0.419,0.09013
0.418,0.0907
0.417,0.091173
0.416,0.090471
0.415,0.089816
0.414,0.089266
0.413,0.091159
0.412,0.090515
0.411,0.090298
0.41,0.090554
0.409,0.090867
0.408,0.090483
0.407,0.090509
0.406,0.090036
0.405,0.090692
0.404,0.091027
0.403,0.09121
0.402,0.090471
0.401,0.089844
0.4,0.090836
0.399,0.091125
0.398,0.09086
0.397,0.090598
0.396,0.090523
0.395,0.090537
0.394,0.091142
0.393,0.090518
0.392,0.089778
0.391,0.09047
0.39,0.090776
0.389,0.090325
0.388,0.090461
0.387,0.090465
0.386,0.09041
0.385,0.090609
0.384,0.091414
0.383,0.090877
0.382,0.090202
0.381,0.090406
0.38,0.089984
0.379,0.090863
0.378,0.090413
0.377,0.090561
0.376,0.090819
0.375,0.091225
0.374,0.090882
0.373,0.090316
0.372,0.09
0.371,0.090537
0.37,0.08994
0.369,0.09122
0.368,0.090165
0.367,0.090181
0.366,0.090581
0.365,0.090736
0.364,0.090188
0.363,0.090418
0.362,0.089913
0.361,0.090208
0.36,0.091095
0.359,0.08985
0.358,0.089882
0.357,0.089786
0.356,0.089842
0.355,0.09019
0.354,0.090402
0.353,0.09067
0.352,0.090699
0.351,0.090171
0.35,0.090221
0.349,0.090168
0.348,0.089963
0.347,0.090683
0.346,0.09089
0.345,0.090619
0.344,0.090984
0.343,0.090588
0.342,0.090454
0.341,0.090681
0.34,0.090579
0.339,0.090741
0.338,0.090142
0.337,0.090531
0.336,0.090698
0.335,0.090339
0.334,0.090805
0.333,0.091056
0.332,0.090225
0.331,0.08986
0.33,0.090342
0.329,0.090772
0.328,0.090678
0.327,0.090667
0.326,0.090737
0.325,0.091248
0.324,0.089667
0.323,0.090027
0.322,0.090565
0.321,0.090063
0.32,0.090395
0.319,0.09116
0.318,0.090089
0.317,0.08969
0.316,0.091107
0.315,0.09007
0.314,0.090701
0.313,0.089999
0.312,0.090073
0.311,0.090337
0.31,0.090788
0.309,0.090925
0.308,0.090543
0.307,0.090535
0.306,0.090245
0.305,0.091234
0.304,0.090328
0.303,0.089965
0.302,0.090263
0.301,0.090773
0.3,0.089641
0.299,0.090458
0.298,0.091209
0.297,0.090304
0.296,0.090448
0.295,0.089771
0.294,0.09041
0.293,0.090968
0.292,0.090644
0.291,0.090554
0.29,0.090918
0.289,0.090926
0.288,0.090991
0.287,0.090038
0.286,0.09007
0.285,0.090889
0.284,0.090658
0.283,0.090082
0.282,0.090306
0.281,0.090836
0.28,0.090683
0.279,0.090462
0.278,0.089818
0.277,0.090351
0.276,0.089984
0.275,0.09049
0.274,0.089591
0.273,0.090068
0.272,0.090059
0.271,0.09199
0.27,0.090418
0.269,0.090884
0.268,0.08931
0.267,0.090753
0.266,0.090432
0.265,0.090155
0.264,0.090668
0.263,0.090316
0.262,0.089783
0.261,0.089944
0.26,0.091346
0.259,0.090425
0.258,0.090011
0.257,0.090605
0.256,0.090458
0.255,0.090517
0.254,0.091309
0.253,0.090005
0.252,0.089887
0.251,0.090836
0.25,0.090657
0.249,0.089784
0.248,0.090363
0.247,0.090464
0.246,0.090438
0.245,0.090481
0.244,0.091121
0.243,0.090139
0.242,0.090438
0.241,0.09136
0.24,0.091648
0.239,0.090745
0.238,0.089655
0.237,0.090475
0.236,0.090541
0.235,0.090192
0.234,0.090193
0.233,0.090504
0.232,0.090202
0.231,0.090855
0.23,0.090556
0.229,0.090076
0.228,0.090142
0.227,0.090745
0.226,0.09003
0.225,0.089977
0.224,0.090218
0.223,0.090104
0.222,0.090469
0.221,0.090532
0.22,0.090287
0.219,0.090444
0.218,0.090407
0.217,0.09049
0.216,0.090606
0.215,0.090476
0.214,0.090415
0.213,0.089925
0.212,0.090653
0.211,0.090747
0.21,0.089885
0.209,0.090565
0.208,0.09074
0.207,0.089379
0.206,0.091165
0.205,0.090449
0.204,0.090145
0.203,0.090237
0.202,0.090044
0.201,0.090508
0.2,0.090874
0.199,0.089987
0.198,0.090453
0.197,0.090868
0.196,0.090772
0.195,0.08978
0.194,0.090534
0.193,0.089544
0.192,0.090411
0.191,0.090695
0.19,0.090082
0.189,0.090394
0.188,0.089274
0.187,0.090871
0.186,0.090162
0.185,0.090618
0.184,0.091055
0.183,0.090535
0.182,0.089868
0.181,0.089113
0.18,0.090156
0.179,0.089876
0.178,0.090027
0.177,0.089918
0.176,0.090091
0.175,0.090903
0.174,0.089976
0.173,0.090212
0.172,0.091277
0.171,0.089707
0.17,0.089941
0.169,0.090183
0.168,0.090586
0.167,0.089884
0.166,0.090006
0.165,0.091172
0.164,0.091345
0.163,0.090657
0.162,0.090178
0.161,0.090641
0.16,0.090758
0.159,0.090122
0.158,0.090619
0.157,0.090563
0.156,0.091103
0.155,0.090749
0.154,0.090237
0.153,0.089632
0.152,0.090386
0.151,0.090153
0.15,0.089593
0.149,0.089853
0.148,0.090594
0.147,0.090153
0.146,0.090065
0.145,0.090384
0.144,0.091104
0.143,0.090477
0.142,0.090701
0.141,0.089744
0.14,0.091136
0.139,0.090664
0.138,0.090215
0.137,0.090325
0.136,0.090617
0.135,0.090323
0.134,0.090487
0.133,0.090033
0.132,0.090677
0.131,0.090554
0.13,0.089983
0.129,0.09066
0.128,0.090982
0.127,0.090611
0.126,0.090331
0.125,0.090203
0.124,0.090062
0.123,0.09025
0.122,0.090239
0.121,0.089861
0.12,0.090676
0.119,0.09154
0.118,0.090085
0.117,0.090015
0.116,0.0902
0.115,0.090352
0.114,0.090303
0.113,0.090385
0.112,0.090464
0.111,0.089723
0.11,0.090395
0.109,0.090039
0.108,0.090341
0.107,0.091113
0.106,0.089695
0.105,0.090389
0.104,0.090595
0.103,0.090217
0.102,0.090297
0.101,0.089878
0.1,0.08999
0.099,0.091012
0.098,0.090541
0.097,0.090479
0.096,0.090491
0.095,0.090645
0.094,0.090098
0.093,0.089909
0.092,0.09058
0.091,0.090133
0.09,0.09032
0.089,0.090653
0.088,0.090797
0.087,0.089763
0.086,0.090271
0.085,0.09037
0.084,0.091408
0.083,0.090095
0.082,0.089563
0.081,0.089694
0.08,0.090009
0.079,0.090457
0.078,0.090527
0.077,0.090296
0.076,0.090233
0.075,0.090597
0.074,0.090247
0.073,0.090347
0.072,0.090829
0.071,0.088705
0.07,0.089991
0.069,0.090207
0.068,0.089949
0.067,0.090388
0.066,0.090426
0.065,0.090415
0.064,0.091045
0.063,0.089459
0.062,0.090177
0.061,0.090061
0.06,0.090032
0.059,0.090471
0.058,0.090016
0.057,0.090302
0.056,0.089429
0.055,0.090705
0.054,0.089946
0.053,0.090672
0.052,0.090112
0.051,0.08972
0.05,0.090433
0.049,0.090886
0.048,0.090333
0.047,0.090313
0.046,0.090589
0.045,0.090342
0.044,0.090127
0.043,0.089722
0.042,0.090926
0.041,0.089697
0.04,0.091147
0.039,0.091002
0.038,0.090567
0.037,0.09009
0.036,0.089546
0.035,0.090132
0.034,0.090452
0.033,0.089929
0.032,0.089513
0.031,0.090746
0.03,0.090019
0.029,0.089738
0.028,0.090034
0.027,0.090543
0.026,0.090244
0.025,0.091004
0.024,0.090186
0.023,0.090676
0.022,0.090509
0.021,0.08963
0.02,0.09073
0.019,0.090768
0.018,0.090733
0.017,0.090262
0.016,0.089652
0.015,0.089912
0.014,0.09037
0.013,0.090242
0.012,0.090445
0.011,0.08993
0.01,0.089993
0.009,0.090304
0.008,0.090444
0.007,0.090052
0.006,0.089494
0.005,0.090482
0.004,0.089542
0.003,0.090451
0.002,0.089634
0.001,0.089515
0,0.090269
-0.001,0.090817
-0.002,0.090267
-0.003,0.090593
-0.004,0.09021
-0.005,0.090481
-0.006,0.091188
-0.007,0.090571
-0.008,0.090752
-0.009,0.090359
-0.01,0.090717
-0.011,0.090351
-0.012,0.090717
-0.013,0.090331
-0.014,0.089926
-0.015,0.089626
-0.016,0.091023
-0.017,0.090067
-0.018,0.089569
-0.019,0.09034
-0.02,0.090964
-0.021,0.091029
-0.022,0.090335
-0.023,0.089626
-0.024,0.090298
-0.025,0.090825
-0.026,0.09071
-0.027,0.090486
-0.028,0.090062
-0.029,0.088735
-0.03,0.090228
-0.031,0.090685
-0.032,0.089614
-0.033,0.090165
-0.034,0.089766
-0.035,0.091403
-0.036,0.090206
-0.037,0.090374
-0.038,0.090257
-0.039,0.090182
-0.04,0.090392
-0.041,0.089809
-0.042,0.09053
-0.043,0.090601
-0.044,0.089604
-0.045,0.089998
-0.046,0.089744
-0.047,0.090246
-0.048,0.090689
-0.049,0.090465
-0.05,0.089667
-0.051,0.091404
-0.052,0.091257
-0.053,0.089967
-0.054,0.090051
-0.055,0.090642
-0.056,0.090869
-0.057,0.090518
-0.058,0.089703
-0.059,0.090218
-0.06,0.090871
-0.061,0.090017
-0.062,0.090434
-0.063,0.089988
-0.064,0.090832
-0.065,0.089923
-0.066,0.090626
-0.067,0.090508
-0.068,0.090414
-0.069,0.090355
-0.07,0.09041
-0.071,0.089791
-0.072,0.090395
-0.073,0.090031
-0.074,0.090615
-0.075,0.090312
-0.076,0.090267
-0.077,0.089509
-0.078,0.090014
-0.079,0.090419
-0.08,0.090671
-0.081,0.090172
-0.082,0.089758
-0.083,0.090161
-0.084,0.090326
-0.085,0.090454
-0.086,0.08997
-0.087,0.090367
-0.088,0.091155
-0.089,0.090186
-0.09,0.09035
-0.091,0.090757
-0.092,0.090165
-0.093,0.089972
-0.094,0.09037
-0.095,0.09098
-0.096,0.090258
-0.097,0.090694
-0.098,0.090129
-0.099,0.09046
-0.1,0.090011
-0.101,0.090861
-0.102,0.089606
-0.103,0.090321
-0.104,0.089743
-0.105,0.090807
-0.106,0.090163
-0.107,0.089625
-0.108,0.089229
-0.109,0.091263
-0.11,0.090241
-0.111,0.090667
-0.112,0.090294
-0.113,0.090214
-0.114,0.090577
-0.115,0.089101
-0.116,0.090072
-0.117,0.089667
-0.118,0.090093
-0.119,0.089919
-0.12,0.090934
-0.121,0.089728
-0.122,0.08989
-0.123,0.089843
-0.124,0.09072
-0.125,0.091204
-0.126,0.090405
-0.127,0.089913
-0.128,0.090053
-0.129,0.090493
-0.13,0.090476
-0.131,0.090196
-0.132,0.090249
-0.133,0.090311
-0.134,0.090569
-0.135,0.089971
-0.136,0.09137
-0.137,0.089938
-0.138,0.090701
-0.139,0.090506
-0.14,0.090492
-0.141,0.09058
-0.142,0.090109
-0.143,0.090787
-0.144,0.090552
-0.145,0.090749
-0.146,0.090387
-0.147,0.090023
-0.148,0.090074
-0.149,0.091093
-0.15,0.090435
-0.151,0.09112
-0.152,0.090011
-0.153,0.089866
-0.154,0.091253
-0.155,0.090758
-0.156,0.090965
-0.157,0.089634
-0.158,0.089845
-0.159,0.090672
-0.16,0.090004
-0.161,0.091129
-0.162,0.090009
-0.163,0.090039
-0.164,0.090657
-0.165,0.091258
-0.166,0.090278
-0.167,0.090416
-0.168,0.090517
-0.169,0.091064
-0.17,0.091342
-0.171,0.090778
-0.172,0.090399
-0.173,0.090332
-0.174,0.090432
-0.175,0.090195
-0.176,0.090455
-0.177,0.091077
-0.178,0.089831
-0.179,0.090339
-0.18,0.090206
-0.181,0.089945
-0.182,0.0907
-0.183,0.090729
-0.184,0.091486
-0.185,0.09046
-0.186,0.090636
-0.187,0.090118
-0.188,0.089621
-0.189,0.090356
-0.19,0.090614
-0.191,0.090527
-0.192,0.090158
-0.193,0.090392
-0.194,0.090442
-0.195,0.08941
-0.196,0.090367
-0.197,0.09
-0.198,0.089805
-0.199,0.090474
-0.2,0.090966
-0.201,0.09102
-0.202,0.090229
-0.203,0.090115
-0.204,0.09059
-0.205,0.090555
-0.206,0.089991
-0.207,0.089629
-0.208,0.09075
-0.209,0.091057
-0.21,0.090306
-0.211,0.090689
-0.212,0.09072
-0.213,0.090816
-0.214,0.090874
-0.215,0.090731
-0.216,0.090643
-0.217,0.090638
-0.218,0.090391
-0.219,0.091337
-0.22,0.090872
-0.221,0.090883
-0.222,0.090307
-0.223,0.090699
-0.224,0.09097
-0.225,0.090627
-0.226,0.09009
-0.227,0.090556
-0.228,0.090252
-0.229,0.090643
-0.23,0.090288
-0.231,0.090016
-0.232,0.090287
-0.233,0.09002
-0.234,0.090366
-0.235,0.090018
-0.236,0.090861
-0.237,0.090209
-0.238,0.090013
-0.239,0.089372
-0.24,0.091179
-0.241,0.09016
-0.242,0.089896
-0.243,0.090284
-0.244,0.09079
-0.245,0.091312
-0.246,0.090381
-0.247,0.090356
-0.248,0.090039
-0.249,0.090903
-0.25,0.090527
-0.251,0.090427
-0.252,0.090521
-0.253,0.0904
-0.254,0.090645
-0.255,0.090243
-0.256,0.090605
-0.257,0.089382
-0.258,0.089848
-0.259,0.09086
-0.26,0.089184
-0.261,0.090384
-0.262,0.091276
-0.263,0.091196
-0.264,0.090895
-0.265,0.09049
-0.266,0.090561
-0.267,0.090414
-0.268,0.090537
-0.269,0.091197
-0.27,0.090257
-0.271,0.089561
-0.272,0.090277
-0.273,0.089691
-0.274,0.09083
-0.275,0.09094
-0.276,0.090874
-0.277,0.090122
-0.278,0.09043
-0.279,0.090596
-0.28,0.090362
-0.281,0.089725
-0.282,0.090674
-0.283,0.090423
-0.284,0.090412
-0.285,0.090583
-0.286,0.090025
-0.287,0.090331
-0.288,0.09015
-0.289,0.090197
-0.29,0.090757
-0.291,0.090164
-0.292,0.090297
-0.293,0.090376
-0.294,0.090978
-0.295,0.09046
-0.296,0.090281
-0.297,0.089753
-0.298,0.090608
-0.299,0.091243
-0.3,0.090302
-0.301,0.090732
-0.302,0.090135
-0.303,0.090247
-0.304,0.090385
-0.305,0.090248
-0.306,0.089524
-0.307,0.089239
-0.308,0.089911
-0.309,0.090747
-0.31,0.09057
-0.311,0.089709
-0.312,0.089977
-0.313,0.090182
-0.314,0.089643
-0.315,0.090039
-0.316,0.090658
-0.317,0.090642
-0.318,0.090802
-0.319,0.091083
-0.32,0.089891
-0.321,0.089494
-0.322,0.089666
-0.323,0.090363
-0.324,0.090908
-0.325,0.090336
-0.326,0.090005
-0.327,0.089406
-0.328,0.090397
-0.329,0.090095
-0.33,0.090444
-0.331,0.090078
-0.332,0.089926
-0.333,0.0909
-0.334,0.091066
-0.335,0.090831
-0.336,0.089653
-0.337,0.089641
-0.338,0.08968
-0.339,0.090142
-0.34,0.090906
-0.341,0.090669
-0.342,0.090405
-0.343,0.090302
-0.344,0.090566
-0.345,0.090667
-0.346,0.089737
-0.347,0.090158
-0.348,0.090178
-0.349,0.090784
-0.35,0.091024
-0.351,0.090307
-0.352,0.090439
-0.353,0.089976
-0.354,0.090397
-0.355,0.090334
-0.356,0.090068
-0.357,0.090318
-0.358,0.090039
-0.359,0.09024
-0.36,0.090771
-0.361,0.090539
-0.362,0.090148
-0.363,0.090415
-0.364,0.090079
-0.365,0.090192
-0.366,0.090436
-0.367,0.090203
-0.368,0.090092
-0.369,0.090334
-0.37,0.091379
-0.371,0.090729
-0.372,0.089908
-0.373,0.090235
-0.374,0.090674
-0.375,0.090125
-0.376,0.09106
-0.377,0.089579
-0.378,0.090246
-0.379,0.090318
-0.38,0.090351
-0.381,0.090166
-0.382,0.090254
-0.383,0.090273
-0.384,0.090215
-0.385,0.090478
-0.386,0.090858
-0.387,0.090227
-0.388,0.08996
-0.389,0.090131
-0.39,0.090003
-0.391,0.090135
-0.392,0.089316
-0.393,0.090189
-0.394,0.091078
-0.395,0.089906
-0.396,0.090121
-0.397,0.089808
-0.398,0.090634
-0.399,0.090462
-0.4,0.089995
-0.401,0.09036
-0.402,0.090661
-0.403,0.089648
-0.404,0.090606
-0.405,0.090395
-0.406,0.090194
-0.407,0.08996
-0.408,0.09008
-0.409,0.090612
-0.41,0.090349
-0.411,0.090792
-0.412,0.090071
-0.413,0.090032
-0.414,0.091229
-0.415,0.090566
-0.416,0.08972
-0.417,0.090501
-0.418,0.090337
-0.419,0.090917
-0.42,0.089633
-0.421,0.090436
-0.422,0.090458
-0.423,0.09025
-0.424,0.090548
-0.425,0.09084
-0.426,0.090699
-0.427,0.089115
-0.428,0.090028
-0.429,0.08986
-0.43,0.090048
-0.431,0.090895
-0.432,0.090806
-0.433,0.090699
-0.434,0.089813
-0.435,0.090289
-0.436,0.0906
-0.437,0.089182
-0.438,0.09053
-0.439,0.090183
-0.44,0.090347
-0.441,0.090527
-0.442,0.091029
-0.443,0.08977
-0.444,0.089716
-0.445,0.090286
-0.446,0.090123
-0.447,0.08947
-0.448,0.089972
-0.449,0.089971
-0.45,0.090911
-0.451,0.089999
-0.452,0.090536
-0.453,0.090314
-0.454,0.090098
-0.455,0.090506
-0.456,0.090424
-0.457,0.090569
-0.458,0.090657
-0.459,0.090541
-0.46,0.090474
-0.461,0.090584
-0.462,0.090093
-0.463,0.089911
-0.464,0.090343
-0.465,0.09108
-0.466,0.089916
-0.467,0.090677
-0.468,0.091515
-0.469,0.09013
-0.47,0.089977
-0.471,0.090155
-0.472,0.089897
-0.473,0.090323
-0.474,0.091213
-0.475,0.089854
-0.476,0.09053
-0.477,0.09064
-0.478,0.090689
-0.479,0.090466
-0.48,0.090232
-0.481,0.090071
-0.482,0.089584
-0.483,0.090874
-0.484,0.08978
-0.485,0.089975
-0.486,0.090726
-0.487,0.09028
-0.488,0.090666
-0.489,0.090319
-0.49,0.090397
-0.491,0.089598
-0.492,0.09111
-0.493,0.090157
-0.494,0.089442
-0.495,0.089827
-0.496,0.091157
-0.497,0.089796
-0.498,0.090436
-0.499,0.090574
-0.5,0.089516
-0.501,0.09013
-0.502,0.090073
-0.503,0.090082
-0.504,0.090673
-0.505,0.089892
-0.506,0.08993
-0.507,0.090776
-0.508,0.090063
-0.509,0.090474
-0.51,0.090635
-0.511,0.089952
-0.512,0.091002
-0.513,0.09056
-0.514,0.089578
-0.515,0.090185
-0.516,0.089921
-0.517,0.090476
-0.518,0.090194
-0.519,0.089074
-0.52,0.090344
-0.521,0.089569
-0.522,0.090596
-0.523,0.090225
-0.524,0.089973
-0.525,0.090102
-0.526,0.090747
-0.527,0.090096
-0.528,0.090009
-0.529,0.090156
-0.53,0.090285
-0.531,0.090288
-0.532,0.089936
-0.533,0.089911
-0.534,0.089806
-0.535,0.089793
-0.536,0.090188
-0.537,0.090139
-0.538,0.090587
-0.539,0.090243
-0.54,0.090504
-0.541,0.089679
-0.542,0.090023
-0.543,0.090772
-0.544,0.089104
-0.545,0.089727
-0.546,0.089913
-0.547,0.090057
-0.548,0.090655
-0.549,0.089895
-0.55,0.089711
-0.551,0.089832
-0.552,0.090109
-0.553,0.090678
-0.554,0.090119
-0.555,0.089699
-0.556,0.090347
-0.557,0.09045
-0.558,0.090477
-0.559,0.089429
-0.56,0.090357
-0.561,0.090184
-0.562,0.08963
-0.563,0.090196
-0.564,0.090608
-0.565,0.089642
-0.566,0.089698
-0.567,0.089313
-0.568,0.090815
-0.569,0.089594
-0.57,0.090739
-0.571,0.08926
-0.572,0.08965
-0.573,0.090456
-0.574,0.091007
-0.575,0.089857
-0.576,0.089813
-0.577,0.089941
-0.578,0.089136
-0.579,0.089744
-0.58,0.09004
-0.581,0.089104
-0.582,0.090724
-0.583,0.090479
-0.584,0.090115
-0.585,0.09053
-0.586,0.089935
-0.587,0.090708
-0.588,0.090926
-0.589,0.090673
-0.59,0.090587
-0.591,0.088942
-0.592,0.089585
-0.593,0.09018
-0.594,0.091006
-0.595,0.090616
-0.596,0.090224
-0.597,0.089842
-0.598,0.090323
-0.599,0.08998
-0.6,0.090107
-0.601,0.089394
-0.602,0.089553
-0.603,0.090649
-0.604,0.090178
-0.605,0.089934
-0.606,0.089568
-0.607,0.090143
-0.608,0.089531
-0.609,0.090407
-0.61,0.089901
-0.611,0.090202
-0.612,0.090528
-0.613,0.090324
-0.614,0.090735
-0.615,0.090205
-0.616,0.089624
-0.617,0.089634
-0.618,0.090871
-0.619,0.089381
-0.62,0.090031
-0.621,0.090079
-0.622,0.090047
-0.623,0.090999
-0.624,0.089296
-0.625,0.091209
-0.626,0.089761
-0.627,0.090147
-0.628,0.091541
-0.629,0.089586
-0.63,0.089708
-0.631,0.08988
-0.632,0.089972
-0.633,0.089695
-0.634,0.090229
-0.635,0.090377
-0.636,0.090288
-0.637,0.090761
-0.638,0.0899
-0.639,0.090136
-0.64,0.090544
-0.641,0.089922
-0.642,0.090106
-0.643,0.09041
-0.644,0.09033
-0.645,0.090262
-0.646,0.089631
-0.647,0.090258
-0.648,0.089942
-0.649,0.089495
-0.65,0.091051
-0.651,0.090182
-0.652,0.089463
-0.653,0.090286
-0.654,0.09021
-0.655,0.090844
-0.656,0.089371
-0.657,0.090424
-0.658,0.089703
-0.659,0.090194
-0.66,0.09034
-0.661,0.090612
-0.662,0.089879
-0.663,0.090157
-0.664,0.090287
-0.665,0.091321
-0.666,0.089523
-0.667,0.089475
-0.668,0.089103
-0.669,0.090241
-0.67,0.090458
-0.671,0.090203
-0.672,0.089448
-0.673,0.089925
-0.674,0.090918
-0.675,0.090287
-0.676,0.090014
-0.677,0.090628
-0.678,0.09048
-0.679,0.091018
-0.68,0.091051
-0.681,0.090162
-0.682,0.089939
-0.683,0.089571
-0.684,0.090469
-0.685,0.090536
-0.686,0.090552
-0.687,0.090198
-0.688,0.090828
-0.689,0.090681
-0.69,0.090198
-0.691,0.090668
-0.692,0.089776
-0.693,0.090436
-0.694,0.09042
-0.695,0.089869
-0.696,0.090368
-0.697,0.08982
-0.698,0.089989
-0.699,0.090424
-0.7,0.09038
-0.701,0.089947
-0.702,0.089211
-0.703,0.089735
-0.704,0.090145
-0.705,0.090669
-0.706,0.090232
-0.707,0.08999
-0.708,0.090357
-0.709,0.090563
-0.71,0.090051
-0.711,0.090114
-0.712,0.090207
-0.713,0.089592
-0.714,0.090272
-0.715,0.09055
-0.716,0.089873
-0.717,0.089554
-0.718,0.090132
-0.719,0.090173
-0.72,0.090073
-0.721,0.090253
-0.722,0.089882
-0.723,0.089978
-0.724,0.090171
-0.725,0.089936
-0.726,0.089199
-0.727,0.089886
-0.728,0.089995
-0.729,0.090492
-0.73,0.090656
-0.731,0.089935
-0.732,0.089745
-0.733,0.08986
-0.734,0.089938
-0.735,0.090561
-0.736,0.090512
-0.737,0.089677
-0.738,0.089376
-0.739,0.089661
-0.74,0.090118
-0.741,0.089803
-0.742,0.090712
-0.743,0.089807
-0.744,0.090357
-0.745,0.09084
-0.746,0.090684
-0.747,0.089648
-0.748,0.089823
-0.749,0.090799
-0.75,0.090628
-0.751,0.089734
-0.752,0.090352
-0.753,0.089747
-0.754,0.090653
-0.755,0.090409
-0.756,0.090426
-0.757,0.0904
-0.758,0.090238
-0.759,0.08928
-0.76,0.089766
-0.761,0.090632
-0.762,0.09033
-0.763,0.089385
-0.764,0.090871
-0.765,0.090639
-0.766,0.089704
-0.767,0.090004
-0.768,0.090256
-0.769,0.090308
-0.77,0.090801
-0.771,0.090795
-0.772,0.089964
-0.773,0.089677
-0.774,0.08957
-0.775,0.090186
-0.776,0.090498
-0.777,0.089937
-0.778,0.090039
-0.779,0.090173
-0.78,0.090326
-0.781,0.090353
-0.782,0.09102
-0.783,0.089837
-0.784,0.089944
-0.785,0.089743
-0.786,0.089931
-0.787,0.089544
-0.788,0.09041
-0.789,0.090051
-0.79,0.090251
-0.791,0.089983
-0.792,0.089734
-0.793,0.090014
-0.794,0.089664
-0.795,0.09032
-0.796,0.090471
-0.797,0.090339
-0.798,0.089316
-0.799,0.090899
-0.8,0.08997
-0.801,0.089334
-0.802,0.089867
-0.803,0.090372
-0.804,0.090046
-0.805,0.09066
-0.806,0.089678
-0.807,0.090184
-0.808,0.090335
-0.809,0.090692
-0.81,0.090646
-0.811,0.090371
-0.812,0.090202
-0.813,0.09043
-0.814,0.090407
-0.815,0.089828
-0.816,0.089636
-0.817,0.090123
-0.818,0.089904
-0.819,0.090385
-0.82,0.090858
-0.821,0.091042
-0.822,0.089889
-0.823,0.090256
-0.824,0.089606
-0.825,0.090128
-0.826,0.090303
-0.827,0.090695
-0.828,0.090278
-0.829,0.091068
-0.83,0.08992
-0.831,0.090113
-0.832,0.090464
-0.833,0.090582
-0.834,0.089938
-0.835,0.09095
-0.836,0.090295
-0.837,0.090046
-0.838,0.089729
-0.839,0.089883
-0.84,0.089961
-0.841,0.090263
-0.842,0.090024
-0.843,0.089232
-0.844,0.090156
-0.845,0.090923
-0.846,0.090067
-0.847,0.090583
-0.848,0.089637
-0.849,0.090351
-0.85,0.090789
-0.851,0.090143
-0.852,0.090112
-0.853,0.090019
-0.854,0.090147
-0.855,0.090252
-0.856,0.089899
-0.857,0.089408
-0.858,0.09028
-0.859,0.090547
-0.86,0.090553
-0.861,0.089908
-0.862,0.090301
-0.863,0.088636
-0.864,0.089428
-0.865,0.09052
-0.866,0.089854
-0.867,0.089643
-0.868,0.08992
-0.869,0.090905
-0.87,0.090035
-0.871,0.089893
-0.872,0.09009
-0.873,0.090536
-0.874,0.09013
-0.875,0.090413
-0.876,0.089475
-0.877,0.08961
-0.878,0.089173
-0.879,0.089338
-0.88,0.090246
-0.881,0.090228
-0.882,0.089718
-0.883,0.089718
-0.884,0.090268
-0.885,0.091456
-0.886,0.089649
-0.887,0.089731
-0.888,0.089818
-0.889,0.090383
-0.89,0.090388
-0.891,0.089774
-0.892,0.089829
-0.893,0.088651
-0.894,0.0904
-0.895,0.090135
-0.896,0.090133
-0.897,0.089625
-0.898,0.090402
-0.899,0.08939
-0.9,0.090374
-0.901,0.090308
-0.902,0.090029
-0.903,0.089688
-0.904,0.089328
-0.905,0.089836
-0.906,0.090172
-0.907,0.089663
-0.908,0.089326
-0.909,0.089828
-0.91,0.090879
-0.911,0.089262
-0.912,0.089807
-0.913,0.090074
-0.914,0.089514
-0.915,0.090602
-0.916,0.090393
-0.917,0.090846
-0.918,0.089727
-0.919,0.09079
-0.92,0.089462
-0.921,0.089961
-0.922,0.089988
-0.923,0.089065
-0.924,0.090578
-0.925,0.089425
-0.926,0.089925
-0.927,0.090191
-0.928,0.089779
-0.929,0.089718
-0.93,0.09107
-0.931,0.089992
-0.932,0.090305
-0.933,0.089706
-0.934,0.090005
-0.935,0.090523
-0.936,0.090143
-0.937,0.090617
-0.938,0.090391
-0.939,0.089938
-0.94,0.090695
-0.941,0.089942
-0.942,0.090427
-0.943,0.089713
-0.944,0.090148
-0.945,0.090391
-0.946,0.090681
-0.947,0.088916
-0.948,0.08957
-0.949,0.090458
-0.95,0.090678
-0.951,0.09052
-0.952,0.090046
-0.953,0.090212
-0.954,0.089084
-0.955,0.090646
-0.956,0.089824
-0.957,0.089506
-0.958,0.090323
-0.959,0.090763
-0.96,0.090544
-0.961,0.090426
-0.962,0.090484
-0.963,0.08985
-0.964,0.090738
-0.965,0.08959
-0.966,0.089876
-0.967,0.090305
-0.968,0.090442
-0.969,0.089475
-0.97,0.091045
-0.971,0.090804
-0.972,0.091015
-0.973,0.090392
-0.974,0.089723
-0.975,0.090769
-0.976,0.090934
-0.977,0.090269
-0.978,0.089823
-0.979,0.090057
-0.98,0.090599
-0.981,0.090048
-0.982,0.089714
-0.983,0.090375
-0.984,0.091212
-0.985,0.091497
-0.986,0.090204
-0.987,0.090528
-0.988,0.090141
-0.989,0.090477
-0.99,0.090558
-0.991,0.090106
-0.992,0.090138
-0.993,0.089973
-0.994,0.090319
-0.995,0.090373
-0.996,0.090107
-0.997,0.090476
-0.998,0.089536
-0.999,0.090583
-1,0.090641
-1.001,0.090453
-1.002,0.08981
-1.003,0.090025
-1.004,0.09021
-1.005,0.09087
-1.006,0.090059
-1.007,0.090228
-1.008,0.089556
-1.009,0.090078
-1.01,0.091806
-1.011,0.09002
-1.012,0.091256
-1.013,0.090225
-1.014,0.09046
-1.015,0.090259
-1.016,0.089423
-1.017,0.090838
-1.018,0.09039
-1.019,0.090162
-1.02,0.090313
-1.021,0.089678
-1.022,0.090754
-1.023,0.089356
-1.024,0.089753
-1.025,0.090416
-1.026,0.090134
-1.027,0.089724
-1.028,0.090208
-1.029,0.089831
-1.03,0.090611
-1.031,0.090146
-1.032,0.090466
-1.033,0.089604
-1.034,0.090635
-1.035,0.090217
-1.036,0.090128
-1.037,0.089786
-1.038,0.089671
-1.039,0.090861
-1.04,0.091229
-1.041,0.0895
-1.042,0.090629
-1.043,0.090038
-1.044,0.089977
-1.045,0.090561
-1.046,0.089868
-1.047,0.090295
-1.048,0.090165
-1.049,0.091138
-1.05,0.090077
-1.051,0.089328
-1.052,0.090279
-1.053,0.090516
-1.054,0.090016
-1.055,0.090333
-1.056,0.089426
-1.057,0.090185
-1.058,0.090391
-1.059,0.0902
-1.06,0.090553
-1.061,0.090031
-1.062,0.089841
-1.063,0.090179
-1.064,0.090439
-1.065,0.0901
-1.066,0.090113
-1.067,0.090002
-1.068,0.090992
-1.069,0.089878
-1.07,0.090065
-1.071,0.091141
-1.072,0.089996
-1.073,0.090188
-1.074,0.09011
-1.075,0.090836
-1.076,0.089856
-1.077,0.0896
-1.078,0.089932
-1.079,0.089167
-1.08,0.091263
-1.081,0.090138
-1.082,0.090176
-1.083,0.0898
-1.084,0.090301
-1.085,0.090056
-1.086,0.090182
-1.087,0.090339
-1.088,0.089628
-1.089,0.090005
-1.09,0.09069
-1.091,0.089941
-1.092,0.090031
-1.093,0.08932
-1.094,0.089914
-1.095,0.090939
-1.096,0.090503
-1.097,0.089522
-1.098,0.090054
-1.099,0.089901
-1.1,0.089744
-1.101,0.090834
-1.102,0.090734
-1.103,0.089938
-1.104,0.090762
-1.105,0.090985
-1.106,0.090379
-1.107,0.090036
-1.108,0.089202
-1.109,0.090142
-1.11,0.090185
-1.111,0.090658
-1.112,0.089992
-1.113,0.089667
-1.114,0.090444
-1.115,0.09046
-1.116,0.090143
-1.117,0.090715
-1.118,0.089463
-1.119,0.090628
-1.12,0.090008
-1.121,0.089908
-1.122,0.090092
-1.123,0.090967
-1.124,0.09045
-1.125,0.091355
-1.126,0.090812
-1.127,0.090103
-1.128,0.090395
-1.129,0.090302
-1.13,0.090864
-1.131,0.090042
-1.132,0.090209
-1.133,0.090293
-1.134,0.089939
-1.135,0.091221
-1.136,0.090339
-1.137,0.09027
-1.138,0.090889
-1.139,0.08981
-1.14,0.091006
-1.141,0.089952
-1.142,0.089985
-1.143,0.090606
-1.144,0.090592
-1.145,0.091475
-1.146,0.090659
-1.147,0.090334
-1.148,0.090682
-1.149,0.089416
-1.15,0.090563
-1.151,0.090659
-1.152,0.090028
-1.153,0.090364
-1.154,0.090311
-1.155,0.090766
-1.156,0.090081
-1.157,0.090409
-1.158,0.090513
-1.159,0.090178
-1.16,0.090003
-1.161,0.09081
-1.162,0.090887
-1.163,0.090284
-1.164,0.090343
-1.165,0.090954
-1.166,0.089839
-1.167,0.090838
-1.168,0.090753
-1.169,0.090221
-1.17,0.091404
-1.171,0.091013
-1.172,0.090928
-1.173,0.090783
-1.174,0.090493
-1.175,0.089664
-1.176,0.091077
-1.177,0.090374
-1.178,0.08965
-1.179,0.090548
-1.18,0.091778
-1.181,0.090518
-1.182,0.090582
-1.183,0.09045
-1.184,0.090134
-1.185,0.090787
-1.186,0.090546
-1.187,0.090629
-1.188,0.089982
-1.189,0.090446
-1.19,0.091135
-1.191,0.090377
-1.192,0.090371
-1.193,0.090893
-1.194,0.090423
-1.195,0.090249
-1.196,0.090607
-1.197,0.090698
-1.198,0.090266
-1.199,0.090296
-1.2,0.090414
-1.201,0.090663
-1.202,0.090665
-1.203,0.090121
-1.204,0.090491
-1.205,0.091742
-1.206,0.090757
-1.207,0.090827
-1.208,0.090169
-1.209,0.089891
-1.21,0.090134
-1.211,0.091298
-1.212,0.091148
-1.213,0.09151
-1.214,0.090237
-1.215,0.09106
-1.216,0.090473
-1.217,0.090495
-1.218,0.08986
-1.219,0.090702
-1.22,0.091925
-1.221,0.090731
-1.222,0.090363
-1.223,0.09063
-1.224,0.089503
-1.225,0.091065
-1.226,0.091284
-1.227,0.090701
-1.228,0.091521
-1.229,0.090723
-1.23,0.090635
-1.231,0.090984
-1.232,0.089558
-1.233,0.089221
-1.234,0.090987
-1.235,0.091203
-1.236,0.090227
-1.237,0.091016
-1.238,0.089999
-1.239,0.09025
-1.24,0.091063
-1.241,0.090907
-1.242,0.091016
-1.243,0.09122
-1.244,0.090952
-1.245,0.09049
-1.246,0.090687
-1.247,0.090362
-1.248,0.090396
-1.249,0.090569
-1.25,0.089991
-1.251,0.090424
-1.252,0.090833
-1.253,0.090301
-1.254,0.091168
-1.255,0.09079
-1.256,0.09129
-1.257,0.091076
-1.258,0.090323
-1.259,0.090936
-1.26,0.090367
-1.261,0.090957
-1.262,0.091079
-1.263,0.09066
-1.264,0.090266
-1.265,0.090946
-1.266,0.091163
-1.267,0.090946
-1.268,0.090167
-1.269,0.091429
-1.27,0.08991
-1.271,0.090998
-1.272,0.09122
-1.273,0.090919
-1.274,0.090529
-1.275,0.090697
-1.276,0.091632
-1.277,0.091401
-1.278,0.090498
-1.279,0.090658
-1.28,0.091145
-1.281,0.091375
-1.282,0.091378
-1.283,0.090606
-1.284,0.090963
-1.285,0.090662
-1.286,0.091136
-1.287,0.091644
-1.288,0.090429
-1.289,0.090244
-1.29,0.090369
-1.291,0.091066
-1.292,0.091112
-1.293,0.090519
-1.294,0.091022
-1.295,0.090923
-1.296,0.091145
-1.297,0.091614
-1.298,0.090975
-1.299,0.090332
-1.3,0.091011
-1.301,0.09101
-1.302,0.09122
-1.303,0.090848
-1.304,0.090256
-1.305,0.090627
-1.306,0.090735
-1.307,0.09106
-1.308,0.091432
-1.309,0.091417
-1.31,0.09157
-1.311,0.091184
-1.312,0.091763
-1.313,0.091117
-1.314,0.092182
-1.315,0.090503
-1.316,0.0916
-1.317,0.09156
-1.318,0.090994
-1.319,0.09209
-1.32,0.091251
-1.321,0.0908
-1.322,0.090866
-1.323,0.09087
-1.324,0.091337
-1.325,0.09031
-1.326,0.091324
-1.327,0.090846
-1.328,0.091614
-1.329,0.091194
-1.33,0.090792
-1.331,0.091134
-1.332,0.0915
-1.333,0.09162
-1.334,0.091568
-1.335,0.09144
-1.336,0.090976
-1.337,0.091353
-1.338,0.092081
-1.339,0.091184
-1.34,0.090883
-1.341,0.091098
-1.342,0.090449
-1.343,0.091067
-1.344,0.091661
-1.345,0.091664
-1.346,0.091495
-1.347,0.091635
-1.348,0.090764
-1.349,0.091137
-1.35,0.090765
-1.351,0.090907
-1.352,0.090965
-1.353,0.091267
-1.354,0.090223
-1.355,0.091128
-1.356,0.091524
-1.357,0.091327
-1.358,0.091164
-1.359,0.090898
-1.36,0.091438
-1.361,0.091994
-1.362,0.091495
-1.363,0.091439
-1.364,0.090782
-1.365,0.091409
-1.366,0.092219
-1.367,0.091318
-1.368,0.090459
-1.369,0.091212
-1.37,0.090763
-1.371,0.091085
-1.372,0.09124
-1.373,0.091851
-1.374,0.090592
-1.375,0.092015
-1.376,0.091277
-1.377,0.091692
-1.378,0.09177
-1.379,0.091371
-1.38,0.091698
-1.381,0.090859
-1.382,0.091105
-1.383,0.091348
-1.384,0.091195
-1.385,0.091417
-1.386,0.09136
-1.387,0.091779
-1.388,0.091527
-1.389,0.09112
-1.39,0.090793
-1.391,0.090953
-1.392,0.091832
-1.393,0.091451
-1.394,0.091082
-1.395,0.090619
-1.396,0.091569
-1.397,0.091498
-1.398,0.091901
-1.399,0.092212
-1.4,0.09085
-1.401,0.091124
-1.402,0.090694
-1.403,0.091942
-1.404,0.09165
-1.405,0.091189
-1.406,0.091011
-1.407,0.092348
-1.408,0.091435
-1.409,0.091562
-1.41,0.091775
-1.411,0.091615
-1.412,0.091252
-1.413,0.092191
-1.414,0.091432
-1.415,0.091562
-1.416,0.091087
-1.417,0.091386
-1.418,0.091681
-1.419,0.091506
-1.42,0.092022
-1.421,0.091983
-1.422,0.091916
-1.423,0.092183
-1.424,0.091397
-1.425,0.091552
-1.426,0.091307
-1.427,0.091029
-1.428,0.091693
-1.429,0.091702
-1.43,0.091799
-1.431,0.091683
-1.432,0.091199
-1.433,0.092221
-1.434,0.091559
-1.435,0.091488
-1.436,0.090758
-1.437,0.091026
-1.438,0.09177
-1.439,0.092227
-1.44,0.092039
-1.441,0.091406
-1.442,0.091602
-1.443,0.092254
-1.444,0.091704
-1.445,0.091796
-1.446,0.091735
-1.447,0.092492
-1.448,0.091858
-1.449,0.091748
-1.45,0.092514
-1.451,0.091895
-1.452,0.091358
-1.453,0.092372
-1.454,0.092525
-1.455,0.091967
-1.456,0.090777
-1.457,0.092348
-1.458,0.092373
-1.459,0.091203
-1.46,0.092628
-1.461,0.092505
-1.462,0.092444
-1.463,0.092531
-1.464,0.092079
-1.465,0.091395
-1.466,0.091316
-1.467,0.091741
-1.468,0.092745
-1.469,0.091349
-1.47,0.092066
-1.471,0.092141
-1.472,0.09216
-1.473,0.091721
-1.474,0.091255
-1.475,0.092187
-1.476,0.092357
-1.477,0.092376
-1.478,0.09166
-1.479,0.091231
-1.48,0.092437
-1.481,0.092429
-1.482,0.092189
-1.483,0.092259
-1.484,0.092651
-1.485,0.091431
-1.486,0.091817
-1.487,0.091529
-1.488,0.09132
-1.489,0.092382
-1.49,0.091816
-1.491,0.09126
-1.492,0.091673
-1.493,0.09131
-1.494,0.091858
-1.495,0.09278
-1.496,0.091928
-1.497,0.091834
-1.498,0.092178
-1.499,0.092026
-1.5,0.092979
-1.501,0.092108
-1.502,0.092221
-1.503,0.091656
-1.504,0.091578
-1.505,0.092809
-1.506,0.092372
-1.507,0.092163
-1.508,0.091949
-1.509,0.091608
-1.51,0.09239
-1.511,0.091816
-1.512,0.092568
-1.513,0.091901
-1.514,0.091548
-1.515,0.091228
-1.516,0.092213
-1.517,0.092556
-1.518,0.092129
-1.519,0.091979
-1.52,0.092036
-1.521,0.092451
-1.522,0.091891
-1.523,0.091653
-1.524,0.092356
-1.525,0.092624
-1.526,0.093003
-1.527,0.092319
-1.528,0.092029
-1.529,0.092688
-1.53,0.091797
-1.531,0.091496
-1.532,0.091955
-1.533,0.091817
-1.534,0.091871
-1.535,0.092221
-1.536,0.09226
-1.537,0.091726
-1.538,0.091735
-1.539,0.092734
-1.54,0.092289
-1.541,0.091687
-1.542,0.092566
-1.543,0.091953
-1.544,0.091868
-1.545,0.092305
-1.546,0.092183
-1.547,0.09244
-1.548,0.092936
-1.549,0.092675
-1.55,0.091778
-1.551,0.092339
-1.552,0.092815
-1.553,0.092464
-1.554,0.091887
-1.555,0.092572
-1.556,0.093065
-1.557,0.092997
-1.558,0.092138
-1.559,0.092285
-1.56,0.09261
-1.561,0.093186
-1.562,0.093297
-1.563,0.092393
-1.564,0.091688
-1.565,0.092166
-1.566,0.092107
-1.567,0.091598
-1.568,0.091766
-1.569,0.092043
-1.57,0.092188
-1.571,0.093172
-1.572,0.092544
-1.573,0.092244
-1.574,0.092093
-1.575,0.092621
-1.576,0.092601
-1.577,0.09236
-1.578,0.091435
-1.579,0.092333
-1.58,0.091825
-1.581,0.093424
-1.582,0.092776
-1.583,0.092731
-1.584,0.092529
-1.585,0.092095
-1.586,0.092342
-1.587,0.093096
-1.588,0.091628
-1.589,0.092403
-1.59,0.092776
-1.591,0.093265
-1.592,0.092648
-1.593,0.09174
-1.594,0.091751
-1.595,0.092637
-1.596,0.092951
-1.597,0.093373
-1.598,0.092504
-1.599,0.091197
-1.6,0.092558
-1.601,0.09252
-1.602,0.092568
-1.603,0.092112
-1.604,0.0923
-1.605,0.092351
-1.606,0.092178
-1.607,0.091589
-1.608,0.092459
-1.609,0.092231
-1.61,0.092342
-1.611,0.092938
-1.612,0.092692
-1.613,0.092555
-1.614,0.092075
-1.615,0.092889
-1.616,0.093076
-1.617,0.092635
-1.618,0.092102
-1.619,0.09178
-1.62,0.091698
-1.621,0.092113
-1.622,0.09289
-1.623,0.092677
-1.624,0.092355
-1.625,0.092501
-1.626,0.092819
-1.627,0.093391
-1.628,0.092763
-1.629,0.092294
-1.63,0.09257
-1.631,0.0926
-1.632,0.093056
-1.633,0.092732
-1.634,0.092629
-1.635,0.092019
-1.636,0.092749
-1.637,0.092844
-1.638,0.092146
-1.639,0.091989
-1.64,0.092773
-1.641,0.093146
-1.642,0.093063
-1.643,0.09206
-1.644,0.091871
-1.645,0.092131
-1.646,0.092018
-1.647,0.092444
-1.648,0.093342
-1.649,0.092757
-1.65,0.092781
-1.651,0.092914
-1.652,0.093349
-1.653,0.092842
-1.654,0.091477
-1.655,0.092639
-1.656,0.093689
-1.657,0.093206
-1.658,0.092001
-1.659,0.092074
-1.66,0.092401
-1.661,0.093049
-1.662,0.09381
-1.663,0.093244
-1.664,0.093204
-1.665,0.092451
-1.666,0.092159
-1.667,0.092313
-1.668,0.092223
-1.669,0.093016
-1.67,0.092187
-1.671,0.092603
-1.672,0.091795
-1.673,0.093449
-1.674,0.093165
-1.675,0.093219
-1.676,0.093611
-1.677,0.093074
-1.678,0.092617
-1.679,0.093648
-1.68,0.092101
-1.681,0.093068
-1.682,0.092292
-1.683,0.092396
-1.684,0.093768
-1.685,0.093464
-1.686,0.092837
-1.687,0.091655
-1.688,0.093567
-1.689,0.093251
-1.69,0.093362
-1.691,0.09292
-1.692,0.092734
-1.693,0.092664
-1.694,0.093387
-1.695,0.092629
-1.696,0.092119
-1.697,0.092616
-1.698,0.093849
-1.699,0.09251
-1.7,0.092949
-1.701,0.092929
-1.702,0.092144
-1.703,0.093188
-1.704,0.093331
-1.705,0.092054
-1.706,0.092937
-1.707,0.093219
-1.708,0.093204
-1.709,0.093552
-1.71,0.093137
-1.711,0.092809
-1.712,0.092883
-1.713,0.093094
-1.714,0.09344
-1.715,0.093013
-1.716,0.09281
-1.717,0.092658
-1.718,0.093812
-1.719,0.093355
-1.72,0.092515
-1.721,0.093039
-1.722,0.093411
-1.723,0.092497
-1.724,0.094095
-1.725,0.093229
-1.726,0.092908
-1.727,0.093129
-1.728,0.092171
-1.729,0.092683
-1.73,0.092631
-1.731,0.092769
-1.732,0.092238
-1.733,0.092949
-1.734,0.092348
-1.735,0.092783
-1.736,0.093275
-1.737,0.092434
-1.738,0.092595
-1.739,0.092813
-1.74,0.093098
-1.741,0.092835
-1.742,0.092841
-1.743,0.093389
-1.744,0.093693
-1.745,0.092816
-1.746,0.092799
-1.747,0.093047
-1.748,0.093162
-1.749,0.093428
-1.75,0.092785
-1.751,0.092907
-1.752,0.092523
-1.753,0.093831
-1.754,0.09409
-1.755,0.093551
-1.756,0.093973
-1.757,0.093578
-1.758,0.093885
-1.759,0.093153
-1.76,0.093613
-1.761,0.0932
-1.762,0.092937
-1.763,0.093962
-1.764,0.093181
-1.765,0.093998
-1.766,0.093132
-1.767,0.093333
-1.768,0.09269
-1.769,0.092342
-1.77,0.093582
-1.771,0.093207
-1.772,0.092901
-1.773,0.092702
-1.774,0.093459
-1.775,0.093459
-1.776,0.092708
-1.777,0.09306
-1.778,0.092802
-1.779,0.09298
-1.78,0.092989
-1.781,0.092717
-1.782,0.092386
-1.783,0.093979
-1.784,0.093526
-1.785,0.092911
-1.786,0.093309
-1.787,0.093408
-1.788,0.093762
-1.789,0.093644
-1.79,0.093789
-1.791,0.093885
-1.792,0.093414
-1.793,0.094257
-1.794,0.093921
-1.795,0.093437
-1.796,0.094253
-1.797,0.092347
-1.798,0.093234
-1.799,0.093201
-1.8,0.092991
-1.801,0.094222
-1.802,0.094051
-1.803,0.093374
-1.804,0.093844
-1.805,0.09386
-1.806,0.094092
-1.807,0.093493
-1.808,0.093355
-1.809,0.093356
-1.81,0.093485
-1.811,0.092861
-1.812,0.092956
-1.813,0.093265
-1.814,0.093736
-1.815,0.093675
-1.816,0.09306
-1.817,0.09339
-1.818,0.09288
-1.819,0.093695
-1.82,0.093848
-1.821,0.093441
-1.822,0.093537
-1.823,0.092903
-1.824,0.094233
-1.825,0.094671
-1.826,0.093618
-1.827,0.092876
-1.828,0.093557
-1.829,0.094106
-1.83,0.093514
-1.831,0.093624
-1.832,0.093869
-1.833,0.094225
-1.834,0.093598
-1.835,0.093397
-1.836,0.093645
-1.837,0.093185
-1.838,0.094047
-1.839,0.093245
-1.84,0.093877
-1.841,0.092745
-1.842,0.09333
-1.843,0.093244
-1.844,0.094324
-1.845,0.093431
-1.846,0.094023
-1.847,0.092591
-1.848,0.094032
-1.849,0.094267
-1.85,0.093794
-1.851,0.094523
-1.852,0.093304
-1.853,0.094154
-1.854,0.094802
-1.855,0.093291
-1.856,0.093297
-1.857,0.09312
-1.858,0.093331
-1.859,0.09422
-1.86,0.093423
-1.861,0.094043
-1.862,0.093522
-1.863,0.093384
-1.864,0.093474
-1.865,0.092361
-1.866,0.094307
-1.867,0.09361
-1.868,0.093338
-1.869,0.093502
-1.87,0.093991
-1.871,0.094288
-1.872,0.093613
-1.873,0.093408
-1.874,0.093375
-1.875,0.093607
-1.876,0.094291
-1.877,0.094021
-1.878,0.093641
-1.879,0.093466
-1.88,0.093323
-1.881,0.094429
-1.882,0.093759
-1.883,0.094484
-1.884,0.093439
-1.885,0.094539
-1.886,0.093057
-1.887,0.093791
-1.888,0.093365
-1.889,0.09472
-1.89,0.09342
-1.891,0.093483
-1.892,0.093972
-1.893,0.092171
-1.894,0.094455
-1.895,0.093716
-1.896,0.094071
-1.897,0.093456
-1.898,0.09359
-1.899,0.093678
-1.9,0.093181
-1.901,0.092961
-1.902,0.093413
-1.903,0.09319
-1.904,0.093635
-1.905,0.093442
-1.906,0.093979
-1.907,0.093718
-1.908,0.093596
-1.909,0.093546
-1.91,0.093971
-1.911,0.094658
-1.912,0.09333
-1.913,0.093768
-1.914,0.093407
-1.915,0.093429
-1.916,0.093736
-1.917,0.094396
-1.918,0.094191
-1.919,0.093709
-1.92,0.094597
-1.921,0.095058
-1.922,0.093495
-1.923,0.09341
-1.924,0.092918
-1.925,0.093594
-1.926,0.094141
-1.927,0.093646
-1.928,0.093558
-1.929,0.094187
-1.93,0.093745
-1.931,0.093557
-1.932,0.093709
-1.933,0.093225
-1.934,0.094588
-1.935,0.093882
-1.936,0.093421
-1.937,0.093617
-1.938,0.093034
-1.939,0.093047
-1.94,0.093676
-1.941,0.094274
-1.942,0.094568
-1.943,0.093422
-1.944,0.093686
-1.945,0.094396
-1.946,0.093351
-1.947,0.092719
-1.948,0.093143
-1.949,0.093389
-1.95,0.094511
-1.951,0.09448
-1.952,0.093568
-1.953,0.093599
-1.954,0.093489
-1.955,0.093881
-1.956,0.094995
-1.957,0.093869
-1.958,0.092988
-1.959,0.093655
-1.96,0.094157
-1.961,0.094156
-1.962,0.093911
-1.963,0.09327
-1.964,0.093565
-1.965,0.094602
-1.966,0.09378
-1.967,0.094041
-1.968,0.094327
-1.969,0.093354
-1.97,0.093369
-1.971,0.094148
-1.972,0.094685
-1.973,0.093776
-1.974,0.093573
-1.975,0.094037
-1.976,0.094191
-1.977,0.092926
-1.978,0.093524
-1.979,0.093261
-1.98,0.094116
-1.981,0.094261
-1.982,0.093804
-1.983,0.093553
-1.984,0.094331
-1.985,0.094242
-1.986,0.094833
-1.987,0.095021
-1.988,0.093711
-1.989,0.09431
-1.99,0.094819
-1.991,0.094451
-1.992,0.093742
-1.993,0.092805
-1.994,0.093696
-1.995,0.093355
-1.996,0.094534
-1.997,0.094009
-1.998,0.094627
-1.999,0.093885
-2,0.093666
-2.001,0.094847
-2.002,0.093331
-2.003,0.094186
-2.004,0.093432
-2.005,0.09262
-2.006,0.094365
-2.007,0.093799
-2.008,0.093642
-2.009,0.093469
-2.01,0.09369
-2.011,0.094066
-2.012,0.093339
-2.013,0.094072
-2.014,0.093561
-2.015,0.093829
-2.016,0.094478
-2.017,0.093851
-2.018,0.094472
-2.019,0.094463
-2.02,0.094274
-2.021,0.09414
-2.022,0.092612
-2.023,0.094008
-2.024,0.09347
-2.025,0.094662
-2.026,0.094627
-2.027,0.093894
-2.028,0.093787
-2.029,0.093442
-2.03,0.094651
-2.031,0.094225
-2.032,0.093671
-2.033,0.094079
-2.034,0.094355
-2.035,0.09402
-2.036,0.093982
-2.037,0.093394
-2.038,0.094443
-2.039,0.094134
-2.04,0.094425
-2.041,0.094705
-2.042,0.094515
-2.043,0.093451
-2.044,0.09382
-2.045,0.094643
-2.046,0.094544
-2.047,0.094854
-2.048,0.093888
-2.049,0.09474
-2.05,0.094251
-2.051,0.093827
-2.052,0.094251
-2.053,0.093648
-2.054,0.093264
-2.055,0.094911
-2.056,0.093786
-2.057,0.094579
-2.058,0.094259
-2.059,0.09409
-2.06,0.093742
-2.061,0.094145
-2.062,0.093263
-2.063,0.09372
-2.064,0.094245
-2.065,0.093676
-2.066,0.093629
-2.067,0.094254
-2.068,0.093491
-2.069,0.093566
-2.07,0.093523
-2.071,0.093902
-2.072,0.094166
-2.073,0.09419
-2.074,0.093116
-2.075,0.093467
-2.076,0.094834
-2.077,0.095033
-2.078,0.093735
-2.079,0.093264
-2.08,0.093362
-2.081,0.093749
-2.082,0.093378
-2.083,0.093961
-2.084,0.094114
-2.085,0.094137
-2.086,0.094562
-2.087,0.09442
-2.088,0.094214
-2.089,0.094251
-2.09,0.093252
-2.091,0.093533
-2.092,0.094228
-2.093,0.093529
-2.094,0.094085
-2.095,0.094926
-2.096,0.09488
-2.097,0.094139
-2.098,0.093193
-2.099,0.093498
-2.1,0.093402
-2.101,0.094189
-2.102,0.093116
-2.103,0.093322
-2.104,0.094593
-2.105,0.093946
-2.106,0.095063
-2.107,0.092977
-2.108,0.094393
-2.109,0.094159
-2.11,0.093905
-2.111,0.095048
-2.112,0.094253
-2.113,0.093897
-2.114,0.093819
-2.115,0.094288
-2.116,0.093885
-2.117,0.093438
-2.118,0.093533
-2.119,0.093434
-2.12,0.094579
-2.121,0.095073
-2.122,0.094649
-2.123,0.095167
-2.124,0.094322
-2.125,0.094328
-2.126,0.094055
-2.127,0.09418
-2.128,0.094047
-2.129,0.093713
-2.13,0.095329
-2.131,0.094873
-2.132,0.094792
-2.133,0.094473
-2.134,0.094159
-2.135,0.09325
-2.136,0.093818
-2.137,0.094061
-2.138,0.094684
-2.139,0.093684
-2.14,0.095058
-2.141,0.095105
-2.142,0.09407
-2.143,0.094317
-2.144,0.094263
-2.145,0.093635
-2.146,0.093216
-2.147,0.094074
-2.148,0.094659
-2.149,0.093753
-2.15,0.094117
-2.151,0.094113
-2.152,0.093722
-2.153,0.093827
-2.154,0.09359
-2.155,0.093594
-2.156,0.094705
-2.157,0.093698
-2.158,0.094873
-2.159,0.094586
-2.16,0.094241
-2.161,0.095306
-2.162,0.094457
-2.163,0.094096
-2.164,0.094821
-2.165,0.094219
-2.166,0.093868
-2.167,0.093679
-2.168,0.09507
-2.169,0.093432
-2.17,0.094195
-2.171,0.094767
-2.172,0.094394
-2.173,0.094243
-2.174,0.093966
-2.175,0.093782
-2.176,0.095445
-2.177,0.094132
-2.178,0.094433
-2.179,0.094071
-2.18,0.093785
-2.181,0.094807
-2.182,0.093993
-2.183,0.094906
-2.184,0.093772
-2.185,0.094014
-2.186,0.093921
-2.187,0.094376
-2.188,0.094025
-2.189,0.094353
-2.19,0.094439
-2.191,0.093927
-2.192,0.094184
-2.193,0.094867
-2.194,0.093987
-2.195,0.094132
-2.196,0.09478
-2.197,0.094325
-2.198,0.093675
-2.199,0.094711
-2.2,0.095081
-2.201,0.095467
-2.202,0.094211
-2.203,0.094369
-2.204,0.0952
-2.205,0.094148
-2.206,0.094526
-2.207,0.09464
-2.208,0.094113
-2.209,0.094868
-2.21,0.094061
-2.211,0.095323
-2.212,0.093355
-2.213,0.094744
-2.214,0.094318
-2.215,0.094175
-2.216,0.094126
-2.217,0.094258
-2.218,0.094516
-2.219,0.095131
-2.22,0.095022
-2.221,0.094797
-2.222,0.093771
-2.223,0.094577
-2.224,0.095017
-2.225,0.094146
-2.226,0.093985
-2.227,0.094366
-2.228,0.095145
-2.229,0.094886
-2.23,0.094362
-2.231,0.094664
-2.232,0.09476
-2.233,0.094127
-2.234,0.09339
-2.235,0.094554
-2.236,0.094066
-2.237,0.093476
-2.238,0.093575
-2.239,0.094677
-2.24,0.094169
-2.241,0.09516
-2.242,0.094799
-2.243,0.093852
-2.244,0.094662
-2.245,0.094167
-2.246,0.094883
-2.247,0.094355
-2.248,0.094724
-2.249,0.095013
-2.25,0.094584
-2.251,0.094241
-2.252,0.094076
-2.253,0.093794
-2.254,0.094244
-2.255,0.095453
-2.256,0.094483
-2.257,0.094358
-2.258,0.093794
-2.259,0.095124
-2.26,0.094354
-2.261,0.094395
-2.262,0.093955
-2.263,0.09427
-2.264,0.094901
-2.265,0.095274
-2.266,0.095549
-2.267,0.093986
-2.268,0.093441
-2.269,0.094574
-2.27,0.0935
-2.271,0.095185
-2.272,0.094107
-2.273,0.094435
-2.274,0.094563
-2.275,0.093918
-2.276,0.094743
-2.277,0.094393
-2.278,0.094822
-2.279,0.09452
-2.28,0.094991
-2.281,0.095036
-2.282,0.093971
-2.283,0.094134
-2.284,0.09404
-2.285,0.095041
-2.286,0.093798
-2.287,0.09465
-2.288,0.094279
-2.289,0.094293
-2.29,0.09461
-2.291,0.095432
-2.292,0.094446
-2.293,0.094308
-2.294,0.095143
-2.295,0.095102
-2.296,0.095259
-2.297,0.094097
-2.298,0.093816
-2.299,0.094277
-2.3,0.095127
-2.301,0.094918
-2.302,0.093511
-2.303,0.095215
-2.304,0.094927
-2.305,0.094223
-2.306,0.095171
-2.307,0.095143
-2.308,0.094324
-2.309,0.093807
-2.31,0.094707
-2.311,0.095039
-2.312,0.094265
-2.313,0.09537
-2.314,0.095588
-2.315,0.095498
-2.316,0.094712
-2.317,0.09546
-2.318,0.094637
-2.319,0.095036
-2.32,0.094753
-2.321,0.095117
-2.322,0.094631
-2.323,0.09504
-2.324,0.09449
-2.325,0.094998
-2.326,0.093973
-2.327,0.093544
-2.328,0.09342
-2.329,0.094862
-2.33,0.09532
-2.331,0.094427
-2.332,0.094229
-2.333,0.094683
-2.334,0.095366
-2.335,0.09468
-2.336,0.095563
-2.337,0.094936
-2.338,0.093928
-2.339,0.094934
-2.34,0.094552
-2.341,0.09541
-2.342,0.094761
-2.343,0.094547
-2.344,0.094923
-2.345,0.094555
-2.346,0.094784
-2.347,0.094961
-2.348,0.095006
-2.349,0.094824
-2.35,0.094415
-2.351,0.094922
-2.352,0.094053
-2.353,0.094198
-2.354,0.094683
-2.355,0.094142
-2.356,0.094476
-2.357,0.094449
-2.358,0.094309
-2.359,0.094888
-2.36,0.095257
-2.361,0.094772
-2.362,0.094548
-2.363,0.095204
-2.364,0.095426
-2.365,0.095036
-2.366,0.094729
-2.367,0.094795
-2.368,0.093573
-2.369,0.094378
-2.37,0.095708
-2.371,0.094416
-2.372,0.094648
-2.373,0.094938
-2.374,0.094516
-2.375,0.094364
-2.376,0.094826
-2.377,0.09422
-2.378,0.095281
-2.379,0.094201
-2.38,0.095072
-2.381,0.094126
-2.382,0.094791
-2.383,0.094575
-2.384,0.094724
-2.385,0.095033
-2.386,0.094962
-2.387,0.095409
-2.388,0.094657
-2.389,0.094834
-2.39,0.094658
-2.391,0.095392
-2.392,0.093891
-2.393,0.094063
-2.394,0.094398
-2.395,0.095143
-2.396,0.095684
-2.397,0.095201
-2.398,0.095204
-2.399,0.094474
-2.4,0.095229
-2.401,0.096057
-2.402,0.095261
-2.403,0.094727
-2.404,0.094792
-2.405,0.094422
-2.406,0.094892
-2.407,0.095577
-2.408,0.094669
-2.409,0.094422
-2.41,0.094892
-2.411,0.093873
-2.412,0.093344
-2.413,0.095131
-2.414,0.095773
-2.415,0.095051
-2.416,0.095963
-2.417,0.095615
-2.418,0.09502
-2.419,0.094814
-2.42,0.09628
-2.421,0.096094
-2.422,0.095397
-2.423,0.095352
-2.424,0.094709
-2.425,0.095521
-2.426,0.095209
-2.427,0.095262
-2.428,0.094327
-2.429,0.094601
-2.43,0.094469
-2.431,0.095577
-2.432,0.095505
-2.433,0.094487
-2.434,0.09518
-2.435,0.094344
-2.436,0.095513
-2.437,0.094498
-2.438,0.095002
-2.439,0.096137
-2.44,0.095316
-2.441,0.096208
-2.442,0.09498
-2.443,0.095334
-2.444,0.094603
-2.445,0.095486
-2.446,0.095058
-2.447,0.095254
-2.448,0.094056
-2.449,0.094436
-2.45,0.096176
-2.451,0.096002
-2.452,0.094801
-2.453,0.094867
-2.454,0.09562
-2.455,0.09491
-2.456,0.095883
-2.457,0.094991
-2.458,0.095763
-2.459,0.096222
-2.46,0.096091
-2.461,0.095042
-2.462,0.095137
-2.463,0.094336
-2.464,0.094497
-2.465,0.095868
-2.466,0.095641
-2.467,0.095681
-2.468,0.095366
-2.469,0.094713
-2.47,0.096176
-2.471,0.095409
-2.472,0.096119
-2.473,0.095493
-2.474,0.095033
-2.475,0.095482
-2.476,0.094541
-2.477,0.095187
-2.478,0.094458
-2.479,0.095362
-2.48,0.096577
-2.481,0.095338
-2.482,0.094602
-2.483,0.094547
-2.484,0.095021
-2.485,0.095509
-2.486,0.095809
-2.487,0.095079
-2.488,0.095736
-2.489,0.095316
-2.49,0.095675
-2.491,0.095944
-2.492,0.095597
-2.493,0.09495
-2.494,0.094564
-2.495,0.094933
-2.496,0.096129
-2.497,0.095208
-2.498,0.094986
-2.499,0.095068
-2.5,0.095177
-2.501,0.096777
-2.502,0.0953
-2.503,0.095072
-2.504,0.095087
-2.505,0.094862
-2.506,0.094585
-2.507,0.095582
-2.508,0.095333
-2.509,0.095615
-2.51,0.096034
-2.511,0.095947
-2.512,0.095187
-2.513,0.094678
-2.514,0.095802
-2.515,0.095227
-2.516,0.09511
-2.517,0.096076
-2.518,0.095631
-2.519,0.095234
-2.52,0.095441
-2.521,0.09565
-2.522,0.095637
-2.523,0.095129
-2.524,0.096164
-2.525,0.096045
-2.526,0.096516
-2.527,0.095085
-2.528,0.094315
-2.529,0.095188
-2.53,0.096377
-2.531,0.096849
-2.532,0.095444
-2.533,0.095362
-2.534,0.09553
-2.535,0.095796
-2.536,0.095636
-2.537,0.094335
-2.538,0.095791
-2.539,0.095488
-2.54,0.094576
-2.541,0.095792
-2.542,0.095036
-2.543,0.096063
-2.544,0.096024
-2.545,0.094461
-2.546,0.096186
-2.547,0.094452
-2.548,0.095728
-2.549,0.095339
-2.55,0.095409
-2.551,0.096968
-2.552,0.096393
-2.553,0.095505
-2.554,0.096234
-2.555,0.094985
-2.556,0.096448
-2.557,0.095185
-2.558,0.095115
-2.559,0.095789
-2.56,0.095778
-2.561,0.095587
-2.562,0.095299
-2.563,0.095512
-2.564,0.095074
-2.565,0.095615
-2.566,0.095744
-2.567,0.095917
-2.568,0.095587
-2.569,0.096585
-2.57,0.095121
-2.571,0.0967
-2.572,0.096443
-2.573,0.095807
-2.574,0.096663
-2.575,0.09631
-2.576,0.096589
-2.577,0.095508
-2.578,0.095119
-2.579,0.096165
-2.58,0.096342
-2.581,0.095813
-2.582,0.095813
-2.583,0.095495
-2.584,0.097041
-2.585,0.09597
-2.586,0.096305
-2.587,0.096264
-2.588,0.09607
-2.589,0.095923
-2.59,0.096156
-2.591,0.096014
-2.592,0.097109
-2.593,0.096474
-2.594,0.095558
-2.595,0.096513
-2.596,0.095801
-2.597,0.09545
-2.598,0.09546
-2.599,0.09526
-2.6,0.095862
-2.601,0.096446
-2.602,0.095576
-2.603,0.09587
-2.604,0.095475
-2.605,0.096192
-2.606,0.095643
-2.607,0.095118
-2.608,0.095413
-2.609,0.095383
-2.61,0.096715
-2.611,0.096205
-2.612,0.095454
-2.613,0.096687
-2.614,0.096495
-2.615,0.096097
-2.616,0.096682
-2.617,0.096449
-2.618,0.096824
-2.619,0.096536
-2.62,0.096574
-2.621,0.096363
-2.622,0.096064
-2.623,0.095898
-2.624,0.09661
-2.625,0.095882
-2.626,0.096486
-2.627,0.096082
-2.628,0.096344
-2.629,0.095979
-2.63,0.095541
-2.631,0.097047
-2.632,0.095793
-2.633,0.095514
-2.634,0.096344
-2.635,0.0969
-2.636,0.096116
-2.637,0.095976
-2.638,0.096193
-2.639,0.097222
-2.64,0.097182
-2.641,0.096995
-2.642,0.096585
-2.643,0.09555
-2.644,0.095646
-2.645,0.09584
-2.646,0.096487
-2.647,0.095842
-2.648,0.096278
-2.649,0.095585
-2.65,0.09631
-2.651,0.096484
-2.652,0.094901
-2.653,0.095986
-2.654,0.096254
-2.655,0.097207
-2.656,0.096665
-2.657,0.095496
-2.658,0.096428
-2.659,0.095709
-2.66,0.097184
-2.661,0.095991
-2.662,0.096038
-2.663,0.095206
-2.664,0.0969
-2.665,0.096509
-2.666,0.096071
-2.667,0.095874
-2.668,0.095148
-2.669,0.095791
-2.67,0.097
-2.671,0.095681
-2.672,0.095632
-2.673,0.095726
-2.674,0.096172
-2.675,0.095792
-2.676,0.095888
-2.677,0.096116
-2.678,0.096203
-2.679,0.095911
-2.68,0.096623
-2.681,0.096541
-2.682,0.09635
-2.683,0.096264
-2.684,0.096285
-2.685,0.096242
-2.686,0.096881
-2.687,0.095229
-2.688,0.096511
-2.689,0.095197
-2.69,0.095661
-2.691,0.096599
-2.692,0.095308
-2.693,0.095885
-2.694,0.095939
-2.695,0.09545
-2.696,0.096083
-2.697,0.095479
-2.698,0.096479
-2.699,0.095645
-2.7,0.095907
-2.701,0.096316
-2.702,0.095806
-2.703,0.09556
-2.704,0.095772
-2.705,0.096341
-2.706,0.096448
-2.707,0.095697
-2.708,0.096408
-2.709,0.095998
-2.71,0.095736
-2.711,0.097053
-2.712,0.095938
-2.713,0.095568
-2.714,0.096134
-2.715,0.09602
-2.716,0.096199
-2.717,0.095885
-2.718,0.095888
-2.719,0.096332
-2.72,0.095635
-2.721,0.096545
-2.722,0.095848
-2.723,0.096133
-2.724,0.095915
-2.725,0.095706
-2.726,0.095937
-2.727,0.096703
-2.728,0.095837
-2.729,0.095865
-2.73,0.095719
-2.731,0.097168
-2.732,0.096374
-2.733,0.095834
-2.734,0.096606
-2.735,0.096178
-2.736,0.096541
-2.737,0.096597
-2.738,0.096216
-2.739,0.096291
-2.74,0.096983
-2.741,0.096989
-2.742,0.097164
-2.743,0.095695
-2.744,0.096942
-2.745,0.096466
-2.746,0.097149
-2.747,0.096566
-2.748,0.096286
-2.749,0.096593
-2.75,0.095975
-2.751,0.096977
-2.752,0.096023
-2.753,0.096811
-2.754,0.095676
-2.755,0.096501
-2.756,0.096788
-2.757,0.096862
-2.758,0.096487
-2.759,0.096635
-2.76,0.095607
-2.761,0.096079
-2.762,0.095736
-2.763,0.095954
-2.764,0.096763
-2.765,0.096474
-2.766,0.096613
-2.767,0.096649
-2.768,0.096637
-2.769,0.09612
-2.77,0.096485
-2.771,0.096095
-2.772,0.096122
-2.773,0.096626
-2.774,0.096724
-2.775,0.096897
-2.776,0.096419
-2.777,0.096542
-2.778,0.09539
-2.779,0.09675
-2.78,0.096718
-2.781,0.096486
-2.782,0.096547
-2.783,0.095967
-2.784,0.095611
-2.785,0.097161
-2.786,0.096125
-2.787,0.095154
-2.788,0.095257
-2.789,0.095439
-2.79,0.096019
-2.791,0.096271
-2.792,0.096364
-2.793,0.096487
-2.794,0.095903
-2.795,0.095839
-2.796,0.096816
-2.797,0.09676
-2.798,0.095999
-2.799,0.097013
-2.8,0.096776
-2.801,0.096953
-2.802,0.096463
-2.803,0.096463
-2.804,0.096657
-2.805,0.096322
-2.806,0.097403
-2.807,0.096543
-2.808,0.095959
-2.809,0.095831
-2.81,0.096607
-2.811,0.096889
-2.812,0.097405
-2.813,0.097789
-2.814,0.097162
-2.815,0.09708
-2.816,0.096245
-2.817,0.096988
-2.818,0.096914
-2.819,0.096048
-2.82,0.096956
-2.821,0.096657
-2.822,0.097075
-2.823,0.095866
-2.824,0.096762
-2.825,0.096529
-2.826,0.095937
-2.827,0.095667
-2.828,0.095842
-2.829,0.095652
-2.83,0.095832
-2.831,0.095919
-2.832,0.096651
-2.833,0.096686
-2.834,0.096942
-2.835,0.096857
-2.836,0.096496
-2.837,0.097786
-2.838,0.097598
-2.839,0.097161
-2.84,0.096662
-2.841,0.097117
-2.842,0.096138
-2.843,0.09662
-2.844,0.096215
-2.845,0.096558
-2.846,0.097088
-2.847,0.09672
-2.848,0.096617
-2.849,0.095893
-2.85,0.096224
-2.851,0.095966
-2.852,0.096813
-2.853,0.0967
-2.854,0.095888
-2.855,0.096819
-2.856,0.097096
-2.857,0.097052
-2.858,0.097059
-2.859,0.096437
-2.86,0.096257
-2.861,0.096792
-2.862,0.095921
-2.863,0.096555
-2.864,0.096603
-2.865,0.097382
-2.866,0.097226
-2.867,0.096677
-2.868,0.09605
-2.869,0.096522
-2.87,0.09709
-2.871,0.097388
-2.872,0.096821
-2.873,0.095573
-2.874,0.095773
-2.875,0.096653
-2.876,0.097243
-2.877,0.097072
-2.878,0.096703
-2.879,0.097784
-2.88,0.096951
-2.881,0.096663
-2.882,0.096788
-2.883,0.097301
-2.884,0.095903
-2.885,0.096693
-2.886,0.096149
-2.887,0.09716
-2.888,0.096632
-2.889,0.096149
-2.89,0.096807
-2.891,0.097884
-2.892,0.096785
-2.893,0.096742
-2.894,0.096326
-2.895,0.096534
-2.896,0.097286
-2.897,0.096974
-2.898,0.097221
-2.899,0.096245
-2.9,0.097398
-2.901,0.096359
-2.902,0.097368
-2.903,0.097168
-2.904,0.096891
-2.905,0.097491
-2.906,0.096815
-2.907,0.096583
-2.908,0.096864
-2.909,0.097313
-2.91,0.097064
-2.911,0.098018
-2.912,0.097753
-2.913,0.096966
-2.914,0.097482
-2.915,0.096563
-2.916,0.097725
-2.917,0.097384
-2.918,0.097995
-2.919,0.096812
-2.92,0.097563
-2.921,0.096737
-2.922,0.097497
-2.923,0.097144
-2.924,0.097066
-2.925,0.097207
-2.926,0.097291
-2.927,0.09704
-2.928,0.097298
-2.929,0.096962
-2.93,0.097091
-2.931,0.098253
-2.932,0.097274
-2.933,0.096713
-2.934,0.097348
-2.935,0.09642
-2.936,0.098013
-2.937,0.098675
-2.938,0.096807
-2.939,0.096739
-2.94,0.096941
-2.941,0.097784
-2.942,0.096472
-2.943,0.097099
-2.944,0.096518
-2.945,0.097618
-2.946,0.096388
-2.947,0.096548
-2.948,0.096471
-2.949,0.096817
-2.95,0.097039
-2.951,0.097084
-2.952,0.097651
-2.953,0.097431
-2.954,0.09641
-2.955,0.097377
-2.956,0.096604
-2.957,0.09663
-2.958,0.096575
-2.959,0.095948
-2.96,0.097296
-2.961,0.097187
-2.962,0.096684
-2.963,0.097419
-2.964,0.097215
-2.965,0.096737
-2.966,0.097312
-2.967,0.096787
-2.968,0.09563
-2.969,0.096949
-2.97,0.096687
-2.971,0.096704
-2.972,0.096735
-2.973,0.096206
-2.974,0.096976
-2.975,0.097385
-2.976,0.097503
-2.977,0.097539
-2.978,0.09661
-2.979,0.097573
-2.98,0.096529
-2.981,0.096624
-2.982,0.097351
-2.983,0.096514
-2.984,0.096447
-2.985,0.096551
-2.986,0.096497
-2.987,0.096955
-2.988,0.096575
-2.989,0.096789
-2.99,0.096644
-2.991,0.09786
-2.992,0.09641
-2.993,0.096479
-2.994,0.097328
-2.995,0.097678
-2.996,0.097928
-2.997,0.097568
-2.998,0.097114
-2.999,0.096736
-3,0.09762
