Bias,FreqShift
2,-35.355
1.999,-35.234
1.998,-35.258
1.997,-35.333
1.996,-35.122
1.995,-34.997
1.994,-35.049
1.993,-35.083
1.992,-34.937
1.991,-35.023
1.99,-34.942
1.989,-34.921
1.988,-34.788
1.987,-34.748
1.986,-34.71
1.985,-34.626
1.984,-34.494
1.983,-34.445
1.982,-34.353
1.981,-34.285
1.98,-34.29
1.979,-34.417
1.978,-34.268
1.977,-34.196
1.976,-34.184
1.975,-34.171
1.974,-34.235
1.973,-34.288
1.972,-34.102
1.971,-34.114
1.97,-33.953
1.969,-34.102
1.968,-33.991
1.967,-33.828
1.966,-33.929
1.965,-33.703
1.964,-33.806
1.963,-33.834
1.962,-33.89
1.961,-33.817
1.96,-33.85
1.959,-33.653
1.958,-33.781
1.957,-33.552
1.956,-33.534
1.955,-33.457
1.954,-33.409
1.953,-33.444
1.952,-33.552
1.951,-33.333
1.95,-33.176
1.949,-33.16
1.948,-33.135
1.947,-33.154
1.946,-33.34
1.945,-33.149
1.944,-33.066
1.943,-33.102
1.942,-33.007
1.941,-32.978
1.94,-33.009
1.939,-32.931
1.938,-32.976
1.937,-32.917
1.936,-32.735
1.935,-32.697
1.934,-32.753
1.933,-32.681
1.932,-32.713
1.931,-32.695
1.93,-32.752
1.929,-32.605
1.928,-32.483
1.927,-32.387
1.926,-32.401
1.925,-32.406
1.924,-32.339
1.923,-32.219
1.922,-32.202
1.921,-32.233
1.92,-32.268
1.919,-32.101
1.918,-32.146
1.917,-32.027
1.916,-32.079
1.915,-32.101
1.914,-32.089
1.913,-31.839
1.912,-31.871
1.911,-31.825
1.91,-31.714
1.909,-31.742
1.908,-31.9
1.907,-31.821
1.906,-31.729
1.905,-31.688
1.904,-31.609
1.903,-31.459
1.902,-31.457
1.901,-31.467
1.9,-31.471
1.899,-31.565
1.898,-31.438
1.897,-31.367
1.896,-31.41
1.895,-31.108
1.894,-31.145
1.893,-31.163
1.892,-31.05
1.891,-31.072
1.89,-31.054
1.889,-31.005
1.888,-30.994
1.887,-31.002
1.886,-30.991
1.885,-30.789
1.884,-30.881
1.883,-30.835
1.882,-30.575
1.881,-30.691
1.88,-30.813
1.879,-30.513
1.878,-30.544
1.877,-30.631
1.876,-30.599
1.875,-30.54
1.874,-30.476
1.873,-30.412
1.872,-30.362
1.871,-30.368
1.87,-30.38
1.869,-30.198
1.868,-30.136
1.867,-30.069
1.866,-30.099
1.865,-30.032
1.864,-29.942
1.863,-30.022
1.862,-29.889
1.861,-29.921
1.86,-29.874
1.859,-29.927
1.858,-29.864
1.857,-29.675
1.856,-29.793
1.855,-29.579
1.854,-29.584
1.853,-29.673
1.852,-29.566
1.851,-29.513
1.85,-29.554
1.849,-29.447
1.848,-29.459
1.847,-29.498
1.846,-29.383
1.845,-29.139
1.844,-29.289
1.843,-29.304
1.842,-29.154
1.841,-29.218
1.84,-29.097
1.839,-29.064
1.838,-28.965
1.837,-29.086
1.836,-29.013
1.835,-28.854
1.834,-28.947
1.833,-28.91
1.832,-28.781
1.831,-28.736
1.83,-28.832
1.829,-28.67
1.828,-28.765
1.827,-28.792
1.826,-28.695
1.825,-28.645
1.824,-28.689
1.823,-28.597
1.822,-28.504
1.821,-28.486
1.82,-28.453
1.819,-28.386
1.818,-28.451
1.817,-28.362
1.816,-28.288
1.815,-28.212
1.814,-28.327
1.813,-28.351
1.812,-28.155
1.811,-28.21
1.81,-28.175
1.809,-28.184
1.808,-28.2
1.807,-28.065
1.806,-28.048
1.805,-28.163
1.804,-27.892
1.803,-27.838
1.802,-27.932
1.801,-27.94
1.8,-28.117
1.799,-27.799
1.798,-27.72
1.797,-27.793
1.796,-27.72
1.795,-27.714
1.794,-27.61
1.793,-27.581
1.792,-27.542
1.791,-27.483
1.79,-27.415
1.789,-27.253
1.788,-27.37
1.787,-27.291
1.786,-27.32
1.785,-27.241
1.784,-27.225
1.783,-27.227
1.782,-27.106
1.781,-27.074
1.78,-27.04
1.779,-26.944
1.778,-27.181
1.777,-26.85
1.776,-26.961
1.775,-26.965
1.774,-26.855
1.773,-26.765
1.772,-26.947
1.771,-26.841
1.77,-26.777
1.769,-26.78
1.768,-26.928
1.767,-26.847
1.766,-26.753
1.765,-26.599
1.764,-26.648
1.763,-26.514
1.762,-26.457
1.761,-26.35
1.76,-26.474
1.759,-26.448
1.758,-26.378
1.757,-26.179
1.756,-26.262
1.755,-26.143
1.754,-26.192
1.753,-26.011
1.752,-26.067
1.751,-25.974
1.75,-26.027
1.749,-25.963
1.748,-25.93
1.747,-25.805
1.746,-25.839
1.745,-25.816
1.744,-25.839
1.743,-25.772
1.742,-25.702
1.741,-25.635
1.74,-25.687
1.739,-25.674
1.738,-25.607
1.737,-25.552
1.736,-25.738
1.735,-25.575
1.734,-25.664
1.733,-25.534
1.732,-25.434
1.731,-25.404
1.73,-25.395
1.729,-25.411
1.728,-25.346
1.727,-25.308
1.726,-25.223
1.725,-25.158
1.724,-25.217
1.723,-25.224
1.722,-25.107
1.721,-24.897
1.72,-25.07
1.719,-25.104
1.718,-25.044
1.717,-24.886
1.716,-24.771
1.715,-24.779
1.714,-24.854
1.713,-24.821
1.712,-24.803
1.711,-24.658
1.71,-24.709
1.709,-24.521
1.708,-24.545
1.707,-24.522
1.706,-24.533
1.705,-24.462
1.704,-24.452
1.703,-24.342
1.702,-24.498
1.701,-24.212
1.7,-24.309
1.699,-24.333
1.698,-24.189
1.697,-24.227
1.696,-24.276
1.695,-24.218
1.694,-24.051
1.693,-24.021
1.692,-23.943
1.691,-24.018
1.69,-24.052
1.689,-23.975
1.688,-23.985
1.687,-23.906
1.686,-23.837
1.685,-23.705
1.684,-23.871
1.683,-23.939
1.682,-23.828
1.681,-23.717
1.68,-23.718
1.679,-23.554
1.678,-23.628
1.677,-23.654
1.676,-23.671
1.675,-23.425
1.674,-23.494
1.673,-23.416
1.672,-23.492
1.671,-23.439
1.67,-23.463
1.669,-23.393
1.668,-23.344
1.667,-23.276
1.666,-23.325
1.665,-23.342
1.664,-23.235
1.663,-23.302
1.662,-23.243
1.661,-23.135
1.66,-23.067
1.659,-23.073
1.658,-22.926
1.657,-22.928
1.656,-22.855
1.655,-22.802
1.654,-22.761
1.653,-22.817
1.652,-22.833
1.651,-22.719
1.65,-22.755
1.649,-22.698
1.648,-22.799
1.647,-22.615
1.646,-22.65
1.645,-22.558
1.644,-22.627
1.643,-22.557
1.642,-22.617
1.641,-22.595
1.64,-22.759
1.639,-22.55
1.638,-22.497
1.637,-22.369
1.636,-22.32
1.635,-22.157
1.634,-22.202
1.633,-22.209
1.632,-22.173
1.631,-22.215
1.63,-22.209
1.629,-22.188
1.628,-22.154
1.627,-22.111
1.626,-22.089
1.625,-22.045
1.624,-21.884
1.623,-21.992
1.622,-21.941
1.621,-21.963
1.62,-21.888
1.619,-21.912
1.618,-21.773
1.617,-21.844
1.616,-21.773
1.615,-21.91
1.614,-21.7
1.613,-21.649
1.612,-21.625
1.611,-21.747
1.61,-21.584
1.609,-21.622
1.608,-21.626
1.607,-21.448
1.606,-21.585
1.605,-21.531
1.604,-21.43
1.603,-21.432
1.602,-21.365
1.601,-21.363
1.6,-21.46
1.599,-21.308
1.598,-21.291
1.597,-21.265
1.596,-21.276
1.595,-21.227
1.594,-21.224
1.593,-21.151
1.592,-21.169
1.591,-21.162
1.59,-21.145
1.589,-21.073
1.588,-21.178
1.587,-21.032
1.586,-21.003
1.585,-20.827
1.584,-20.882
1.583,-20.838
1.582,-20.954
1.581,-20.833
1.58,-20.865
1.579,-20.85
1.578,-20.747
1.577,-20.773
1.576,-20.702
1.575,-20.617
1.574,-20.596
1.573,-20.547
1.572,-20.562
1.571,-20.387
1.57,-20.476
1.569,-20.406
1.568,-20.511
1.567,-20.459
1.566,-20.412
1.565,-20.458
1.564,-20.33
1.563,-20.266
1.562,-20.33
1.561,-20.335
1.56,-20.298
1.559,-20.237
1.558,-20.051
1.557,-20.108
1.556,-20.121
1.555,-20.038
1.554,-19.886
1.553,-19.947
1.552,-19.849
1.551,-19.854
1.55,-19.766
1.549,-19.757
1.548,-19.959
1.547,-19.854
1.546,-19.575
1.545,-19.727
1.544,-19.778
1.543,-19.72
1.542,-19.676
1.541,-19.613
1.54,-19.602
1.539,-19.507
1.538,-19.425
1.537,-19.551
1.536,-19.457
1.535,-19.522
1.534,-19.575
1.533,-19.467
1.532,-19.465
1.531,-19.341
1.53,-19.245
1.529,-19.209
1.528,-19.162
1.527,-19.27
1.526,-19.279
1.525,-19.264
1.524,-19.226
1.523,-19.16
1.522,-19.159
1.521,-19.091
1.52,-19.185
1.519,-19.218
1.518,-19.101
1.517,-18.973
1.516,-18.798
1.515,-18.938
1.514,-18.942
1.513,-18.925
1.512,-18.988
1.511,-18.903
1.51,-18.965
1.509,-18.855
1.508,-18.816
1.507,-18.799
1.506,-18.773
1.505,-18.685
1.504,-18.631
1.503,-18.608
1.502,-18.666
1.501,-18.687
1.5,-18.561
1.499,-18.491
1.498,-18.611
1.497,-18.401
1.496,-18.346
1.495,-18.495
1.494,-18.483
1.493,-18.537
1.492,-18.427
1.491,-18.384
1.49,-18.321
1.489,-18.375
1.488,-18.267
1.487,-18.228
1.486,-18.375
1.485,-18.26
1.484,-18.14
1.483,-18.085
1.482,-18.159
1.481,-18.075
1.48,-18.035
1.479,-18.044
1.478,-17.83
1.477,-17.871
1.476,-17.863
1.475,-17.825
1.474,-17.8
1.473,-17.887
1.472,-17.867
1.471,-17.918
1.47,-17.84
1.469,-17.738
1.468,-17.742
1.467,-17.69
1.466,-17.693
1.465,-17.645
1.464,-17.629
1.463,-17.551
1.462,-17.655
1.461,-17.529
1.46,-17.479
1.459,-17.466
1.458,-17.47
1.457,-17.424
1.456,-17.483
1.455,-17.236
1.454,-17.275
1.453,-17.373
1.452,-17.275
1.451,-17.212
1.45,-17.043
1.449,-17.151
1.448,-17.099
1.447,-17.055
1.446,-16.987
1.445,-17.151
1.444,-17.03
1.443,-17.063
1.442,-16.93
1.441,-17
1.44,-17.099
1.439,-17.028
1.438,-16.92
1.437,-16.876
1.436,-16.89
1.435,-16.916
1.434,-16.803
1.433,-16.771
1.432,-16.758
1.431,-16.788
1.43,-16.658
1.429,-16.637
1.428,-16.655
1.427,-16.709
1.426,-16.721
1.425,-16.673
1.424,-16.573
1.423,-16.53
1.422,-16.47
1.421,-16.612
1.42,-16.46
1.419,-16.5
1.418,-16.393
1.417,-16.328
1.416,-16.392
1.415,-16.335
1.414,-16.357
1.413,-16.393
1.412,-16.319
1.411,-16.311
1.41,-16.299
1.409,-16.129
1.408,-16.357
1.407,-16.165
1.406,-16.236
1.405,-16.135
1.404,-16.093
1.403,-16.063
1.402,-16.049
1.401,-16.143
1.4,-16.002
1.399,-15.992
1.398,-15.874
1.397,-15.92
1.396,-15.985
1.395,-15.848
1.394,-15.783
1.393,-15.796
1.392,-15.749
1.391,-15.677
1.39,-15.777
1.389,-15.675
1.388,-15.647
1.387,-15.733
1.386,-15.605
1.385,-15.663
1.384,-15.56
1.383,-15.698
1.382,-15.623
1.381,-15.49
1.38,-15.523
1.379,-15.468
1.378,-15.485
1.377,-15.428
1.376,-15.432
1.375,-15.42
1.374,-15.267
1.373,-15.313
1.372,-15.288
1.371,-15.345
1.37,-15.281
1.369,-15.17
1.368,-15.076
1.367,-15.113
1.366,-15.157
1.365,-15.184
1.364,-15.055
1.363,-15.044
1.362,-15.162
1.361,-15.059
1.36,-15.008
1.359,-14.976
1.358,-14.823
1.357,-14.763
1.356,-14.9
1.355,-14.788
1.354,-14.865
1.353,-14.746
1.352,-14.766
1.351,-14.608
1.35,-14.683
1.349,-14.723
1.348,-14.744
1.347,-14.595
1.346,-14.558
1.345,-14.566
1.344,-14.464
1.343,-14.52
1.342,-14.469
1.341,-14.494
1.34,-14.47
1.339,-14.448
1.338,-14.451
1.337,-14.431
1.336,-14.38
1.335,-14.39
1.334,-14.39
1.333,-14.29
1.332,-14.288
1.331,-14.448
1.33,-14.278
1.329,-14.232
1.328,-14.214
1.327,-14.261
1.326,-14.246
1.325,-14.223
1.324,-14.098
1.323,-14.117
1.322,-14.106
1.321,-14.063
1.32,-14.038
1.319,-14.113
1.318,-14.005
1.317,-14.005
1.316,-13.995
1.315,-13.924
1.314,-13.963
1.313,-13.78
1.312,-13.842
1.311,-13.835
1.31,-13.763
1.309,-13.754
1.308,-13.732
1.307,-13.624
1.306,-13.648
1.305,-13.596
1.304,-13.65
1.303,-13.576
1.302,-13.549
1.301,-13.57
1.3,-13.637
1.299,-13.573
1.298,-13.467
1.297,-13.417
1.296,-13.41
1.295,-13.382
1.294,-13.389
1.293,-13.427
1.292,-13.306
1.291,-13.352
1.29,-13.363
1.289,-13.216
1.288,-13.264
1.287,-13.233
1.286,-13.24
1.285,-13.316
1.284,-13.204
1.283,-13.259
1.282,-13.163
1.281,-13.077
1.28,-13.124
1.279,-13.108
1.278,-13.008
1.277,-13.109
1.276,-13.106
1.275,-13.013
1.274,-13.142
1.273,-13.057
1.272,-13.073
1.271,-12.993
1.27,-12.956
1.269,-12.961
1.268,-12.884
1.267,-12.896
1.266,-12.829
1.265,-12.78
1.264,-12.777
1.263,-12.742
1.262,-12.816
1.261,-12.76
1.26,-12.73
1.259,-12.734
1.258,-12.707
1.257,-12.562
1.256,-12.545
1.255,-12.609
1.254,-12.584
1.253,-12.525
1.252,-12.523
1.251,-12.522
1.25,-12.491
1.249,-12.549
1.248,-12.493
1.247,-12.45
1.246,-12.39
1.245,-12.398
1.244,-12.467
1.243,-12.525
1.242,-12.416
1.241,-12.4
1.24,-12.291
1.239,-12.4
1.238,-12.258
1.237,-12.201
1.236,-12.197
1.235,-12.229
1.234,-12.331
1.233,-12.26
1.232,-12.172
1.231,-12.152
1.23,-12.242
1.229,-12.105
1.228,-12.108
1.227,-12.111
1.226,-12.058
1.225,-12.032
1.224,-11.98
1.223,-12.038
1.222,-11.901
1.221,-11.892
1.22,-11.891
1.219,-11.944
1.218,-11.822
1.217,-11.864
1.216,-11.768
1.215,-11.856
1.214,-11.847
1.213,-11.808
1.212,-11.801
1.211,-11.77
1.21,-11.666
1.209,-11.721
1.208,-11.71
1.207,-11.684
1.206,-11.646
1.205,-11.585
1.204,-11.704
1.203,-11.684
1.202,-11.622
1.201,-11.641
1.2,-11.537
1.199,-11.52
1.198,-11.587
1.197,-11.557
1.196,-11.58
1.195,-11.492
1.194,-11.382
1.193,-11.302
1.192,-11.403
1.191,-11.331
1.19,-11.449
1.189,-11.336
1.188,-11.366
1.187,-11.265
1.186,-11.259
1.185,-11.223
1.184,-11.243
1.183,-11.229
1.182,-11.127
1.181,-11.215
1.18,-11.147
1.179,-11.016
1.178,-11.119
1.177,-11.102
1.176,-11.112
1.175,-10.997
1.174,-10.988
1.173,-11.059
1.172,-11.031
1.171,-10.944
1.17,-10.935
1.169,-10.885
1.168,-11.02
1.167,-10.905
1.166,-10.828
1.165,-10.893
1.164,-10.774
1.163,-10.713
1.162,-10.715
1.161,-10.764
1.16,-10.693
1.159,-10.592
1.158,-10.648
1.157,-10.731
1.156,-10.689
1.155,-10.64
1.154,-10.651
1.153,-10.568
1.152,-10.602
1.151,-10.509
1.15,-10.587
1.149,-10.614
1.148,-10.467
1.147,-10.573
1.146,-10.392
1.145,-10.428
1.144,-10.447
1.143,-10.404
1.142,-10.384
1.141,-10.489
1.14,-10.393
1.139,-10.402
1.138,-10.318
1.137,-10.363
1.136,-10.35
1.135,-10.229
1.134,-10.266
1.133,-10.313
1.132,-10.28
1.131,-10.35
1.13,-10.288
1.129,-10.291
1.128,-10.252
1.127,-10.216
1.126,-10.113
1.125,-10.113
1.124,-10.107
1.123,-10.146
1.122,-10.08
1.121,-10.083
1.12,-10.001
1.119,-9.9251
1.118,-9.9336
1.117,-10.013
1.116,-10.045
1.115,-9.9239
1.114,-9.9572
1.113,-9.9227
1.112,-9.9041
1.111,-9.8684
1.11,-9.9156
1.109,-9.9446
1.108,-9.9017
1.107,-9.8584
1.106,-9.8368
1.105,-9.8037
1.104,-9.8185
1.103,-9.8386
1.102,-9.7782
1.101,-9.7429
1.1,-9.7575
1.099,-9.7053
1.098,-9.6433
1.097,-9.6835
1.096,-9.7077
1.095,-9.6184
1.094,-9.6278
1.093,-9.6606
1.092,-9.5638
1.091,-9.5107
1.09,-9.5575
1.089,-9.4466
1.088,-9.5421
1.087,-9.4789
1.086,-9.4287
1.085,-9.4131
1.084,-9.499
1.083,-9.3438
1.082,-9.4031
1.081,-9.32
1.08,-9.3187
1.079,-9.3948
1.078,-9.3209
1.077,-9.363
1.076,-9.3845
1.075,-9.2995
1.074,-9.2799
1.073,-9.3397
1.072,-9.236
1.071,-9.1814
1.07,-9.2543
1.069,-9.2597
1.068,-9.1355
1.067,-9.1673
1.066,-9.1849
1.065,-9.1477
1.064,-9.0728
1.063,-9.0303
1.062,-9.002
1.061,-9.0684
1.06,-8.9997
1.059,-8.9812
1.058,-9
1.057,-8.9529
1.056,-8.9164
1.055,-8.82
1.054,-8.8625
1.053,-8.8317
1.052,-8.9493
1.051,-8.8161
1.05,-8.8094
1.049,-8.8273
1.048,-8.8273
1.047,-8.7806
1.046,-8.7955
1.045,-8.7394
1.044,-8.8249
1.043,-8.8319
1.042,-8.6799
1.041,-8.717
1.04,-8.703
1.039,-8.7935
1.038,-8.691
1.037,-8.6921
1.036,-8.6332
1.035,-8.5376
1.034,-8.63
1.033,-8.6145
1.032,-8.522
1.031,-8.5719
1.03,-8.6356
1.029,-8.617
1.028,-8.4288
1.027,-8.407
1.026,-8.3733
1.025,-8.4421
1.024,-8.4644
1.023,-8.4424
1.022,-8.423
1.021,-8.361
1.02,-8.389
1.019,-8.3547
1.018,-8.2646
1.017,-8.3203
1.016,-8.2324
1.015,-8.2262
1.014,-8.2683
1.013,-8.3063
1.012,-8.2361
1.011,-8.2552
1.01,-8.3883
1.009,-8.1918
1.008,-8.1708
1.007,-8.1767
1.006,-8.1654
1.005,-8.0448
1.004,-8.0989
1.003,-8.1639
1.002,-8.0477
1.001,-8.0645
1,-8.1816
0.999,-8.1127
0.998,-8.0508
0.997,-8.0297
0.996,-7.9875
0.995,-8.1173
0.994,-8.0673
0.993,-7.9676
0.992,-7.9784
0.991,-7.9299
0.99,-7.9101
0.989,-7.9223
0.988,-7.8229
0.987,-7.8793
0.986,-7.8288
0.985,-7.7518
0.984,-7.8632
0.983,-7.8002
0.982,-7.6989
0.981,-7.6645
0.98,-7.7881
0.979,-7.7141
0.978,-7.7208
0.977,-7.6242
0.976,-7.6165
0.975,-7.6271
0.974,-7.6278
0.973,-7.6862
0.972,-7.6166
0.971,-7.5912
0.97,-7.5721
0.969,-7.548
0.968,-7.5047
0.967,-7.4947
0.966,-7.528
0.965,-7.6182
0.964,-7.5204
0.963,-7.5061
0.962,-7.4888
0.961,-7.499
0.96,-7.5437
0.959,-7.492
0.958,-7.463
0.957,-7.477
0.956,-7.4522
0.955,-7.413
0.954,-7.4268
0.953,-7.3827
0.952,-7.3355
0.951,-7.3861
0.95,-7.3338
0.949,-7.3197
0.948,-7.3266
0.947,-7.3517
0.946,-7.2175
0.945,-7.2489
0.944,-7.253
0.943,-7.3069
0.942,-7.1341
0.941,-7.2115
0.94,-7.2398
0.939,-7.2271
0.938,-7.1846
0.937,-7.1285
0.936,-7.1342
0.935,-7.1864
0.934,-7.1144
0.933,-6.9883
0.932,-7.1348
0.931,-7.0954
0.93,-7.1307
0.929,-7.1114
0.928,-7.0885
0.927,-7.0045
0.926,-7.0175
0.925,-7.0133
0.924,-6.9294
0.923,-6.9038
0.922,-6.9129
0.921,-7.0167
0.92,-7.0278
0.919,-6.9239
0.918,-6.8747
0.917,-6.9017
0.916,-6.894
0.915,-6.9145
0.914,-6.8651
0.913,-6.862
0.912,-6.805
0.911,-6.8887
0.91,-6.8045
0.909,-6.776
0.908,-6.7891
0.907,-6.7267
0.906,-6.7715
0.905,-6.6486
0.904,-6.7199
0.903,-6.7654
0.902,-6.7476
0.901,-6.686
0.9,-6.6447
0.899,-6.6902
0.898,-6.6256
0.897,-6.7186
0.896,-6.5978
0.895,-6.7375
0.894,-6.6024
0.893,-6.5715
0.892,-6.5492
0.891,-6.6265
0.89,-6.5827
0.889,-6.616
0.888,-6.5849
0.887,-6.6039
0.886,-6.5616
0.885,-6.6051
0.884,-6.4177
0.883,-6.4385
0.882,-6.4161
0.881,-6.3947
0.88,-6.4495
0.879,-6.4455
0.878,-6.4417
0.877,-6.4805
0.876,-6.4396
0.875,-6.3576
0.874,-6.4013
0.873,-6.3672
0.872,-6.3614
0.871,-6.3929
0.87,-6.3193
0.869,-6.434
0.868,-6.3378
0.867,-6.3474
0.866,-6.2716
0.865,-6.3737
0.864,-6.3212
0.863,-6.3086
0.862,-6.2526
0.861,-6.2826
0.86,-6.22
0.859,-6.2526
0.858,-6.266
0.857,-6.201
0.856,-6.1473
0.855,-6.1333
0.854,-6.1931
0.853,-6.0958
0.852,-6.0197
0.851,-6.1263
0.85,-6.0759
0.849,-6.0776
0.848,-6.0442
0.847,-6.1076
0.846,-6.1529
0.845,-6.1268
0.844,-6.0659
0.843,-5.9874
0.842,-6.0527
0.841,-5.9875
0.84,-6.0014
0.839,-6.0007
0.838,-5.9993
0.837,-5.8924
0.836,-5.9115
0.835,-5.937
0.834,-5.9505
0.833,-5.9309
0.832,-5.8822
0.831,-5.9138
0.83,-5.8311
0.829,-5.9004
0.828,-5.8608
0.827,-5.8443
0.826,-5.9123
0.825,-5.7755
0.824,-5.8
0.823,-5.8661
0.822,-5.8122
0.821,-5.6829
0.82,-5.7164
0.819,-5.6551
0.818,-5.7511
0.817,-5.6924
0.816,-5.7493
0.815,-5.7313
0.814,-5.7195
0.813,-5.7821
0.812,-5.7605
0.811,-5.6961
0.81,-5.6729
0.809,-5.6908
0.808,-5.718
0.807,-5.6323
0.806,-5.5084
0.805,-5.6076
0.804,-5.6133
0.803,-5.601
0.802,-5.6335
0.801,-5.5954
0.8,-5.6253
0.799,-5.5724
0.798,-5.4952
0.797,-5.4592
0.796,-5.557
0.795,-5.5666
0.794,-5.5048
0.793,-5.4808
0.792,-5.59
0.791,-5.4163
0.79,-5.4349
0.789,-5.4212
0.788,-5.4723
0.787,-5.5326
0.786,-5.4903
0.785,-5.3964
0.784,-5.4276
0.783,-5.365
0.782,-5.464
0.781,-5.4118
0.78,-5.3141
0.779,-5.3788
0.778,-5.3772
0.777,-5.3241
0.776,-5.3854
0.775,-5.3172
0.774,-5.356
0.773,-5.3242
0.772,-5.3914
0.771,-5.4432
0.77,-5.3001
0.769,-5.3456
0.768,-5.2785
0.767,-5.1558
0.766,-5.2612
0.765,-5.1671
0.764,-5.2453
0.763,-5.1774
0.762,-5.2149
0.761,-5.1937
0.76,-5.1261
0.759,-5.076
0.758,-5.1879
0.757,-5.2297
0.756,-5.1449
0.755,-5.1518
0.754,-5.1505
0.753,-5.1506
0.752,-5.1201
0.751,-5.1401
0.75,-5.1228
0.749,-5.1739
0.748,-5.1136
0.747,-5.1371
0.746,-5.0534
0.745,-5.0686
0.744,-5.0377
0.743,-4.9875
0.742,-4.9507
0.741,-5.0227
0.74,-4.8752
0.739,-5.0354
0.738,-5.0305
0.737,-4.9889
0.736,-4.99
0.735,-5.0016
0.734,-5.0423
0.733,-4.955
0.732,-4.9004
0.731,-4.9437
0.73,-4.9872
0.729,-4.97
0.728,-4.9327
0.727,-4.9167
0.726,-4.9759
0.725,-4.9792
0.724,-4.9265
0.723,-4.9878
0.722,-4.8234
0.721,-4.8136
0.72,-4.8896
0.719,-4.9479
0.718,-4.8708
0.717,-4.9252
0.716,-4.8503
0.715,-4.8609
0.714,-4.8787
0.713,-4.8629
0.712,-4.7973
0.711,-4.7941
0.71,-4.7935
0.709,-4.8429
0.708,-4.8073
0.707,-4.7284
0.706,-4.7459
0.705,-4.7659
0.704,-4.7698
0.703,-4.6445
0.702,-4.7492
0.701,-4.7464
0.7,-4.743
0.699,-4.6739
0.698,-4.6822
0.697,-4.6724
0.696,-4.6986
0.695,-4.7041
0.694,-4.7254
0.693,-4.6744
0.692,-4.6826
0.691,-4.7132
0.69,-4.6301
0.689,-4.6967
0.688,-4.6364
0.687,-4.6569
0.686,-4.6677
0.685,-4.6544
0.684,-4.61
0.683,-4.6187
0.682,-4.6475
0.681,-4.5368
0.68,-4.6202
0.679,-4.5862
0.678,-4.5922
0.677,-4.6502
0.676,-4.5377
0.675,-4.532
0.674,-4.5143
0.673,-4.5118
0.672,-4.5499
0.671,-4.6059
0.67,-4.5725
0.669,-4.5337
0.668,-4.4987
0.667,-4.5094
0.666,-4.4659
0.665,-4.4795
0.664,-4.5445
0.663,-4.4445
0.662,-4.4604
0.661,-4.4889
0.66,-4.5306
0.659,-4.4315
0.658,-4.5153
0.657,-4.4732
0.656,-4.4819
0.655,-4.4288
0.654,-4.3294
0.653,-4.456
0.652,-4.3931
0.651,-4.3559
0.65,-4.3761
0.649,-4.3986
0.648,-4.3634
0.647,-4.4033
0.646,-4.2675
0.645,-4.302
0.644,-4.3272
0.643,-4.3022
0.642,-4.2806
0.641,-4.3567
0.64,-4.326
0.639,-4.2356
0.638,-4.2982
0.637,-4.2435
0.636,-4.2908
0.635,-4.3102
0.634,-4.3124
0.633,-4.3271
0.632,-4.22
0.631,-4.292
0.63,-4.3338
0.629,-4.3255
0.628,-4.29
0.627,-4.3124
0.626,-4.2764
0.625,-4.2509
0.624,-4.2112
0.623,-4.2039
0.622,-4.2067
0.621,-4.2225
0.62,-4.2434
0.619,-4.1917
0.618,-4.1792
0.617,-4.1931
0.616,-4.1819
0.615,-4.2268
0.614,-4.2668
0.613,-4.139
0.612,-4.1987
0.611,-4.1154
0.61,-4.1963
0.609,-4.2353
0.608,-4.1328
0.607,-4.0435
0.606,-4.1717
0.605,-4.0804
0.604,-4.2189
0.603,-4.2064
0.602,-4.1443
0.601,-4.1577
0.6,-4.1529
0.599,-4.132
0.598,-4.1783
0.597,-4.1009
0.596,-4.0555
0.595,-4.0984
0.594,-4.0637
0.593,-4.0378
0.592,-4.0006
0.591,-4.0269
0.59,-4.0425
0.589,-4.0588
0.588,-4.0285
0.587,-4.0707
0.586,-4.0511
0.585,-4.0628
0.584,-4.0511
0.583,-4.0128
0.582,-3.9967
0.581,-4.1053
0.58,-4.0375
0.579,-4.0135
0.578,-4.0839
0.577,-4.0205
0.576,-4.011
0.575,-4.0157
0.574,-3.9789
0.573,-3.9476
0.572,-3.9751
0.571,-3.9473
0.57,-3.9758
0.569,-4.0014
0.568,-3.9948
0.567,-3.9845
0.566,-3.9715
0.565,-3.9377
0.564,-3.9557
0.563,-3.9602
0.562,-3.9284
0.561,-3.9602
0.56,-4.0437
0.559,-3.9527
0.558,-3.8822
0.557,-3.8605
0.556,-3.9434
0.555,-3.9335
0.554,-3.9141
0.553,-3.8903
0.552,-3.9101
0.551,-3.9599
0.55,-3.943
0.549,-3.9346
0.548,-3.9056
0.547,-3.9313
0.546,-3.86
0.545,-3.943
0.544,-3.875
0.543,-3.8525
0.542,-3.8695
0.541,-3.8208
0.54,-3.8998
0.539,-3.847
0.538,-3.8403
0.537,-3.9021
0.536,-3.905
0.535,-3.8062
0.534,-3.9558
0.533,-3.8587
0.532,-3.8388
0.531,-3.8883
0.53,-3.7954
0.529,-3.9266
0.528,-3.799
0.527,-3.8145
0.526,-3.8489
0.525,-3.8176
0.524,-3.8073
0.523,-3.8403
0.522,-3.8381
0.521,-3.8567
0.52,-3.7923
0.519,-3.7578
0.518,-3.8041
0.517,-3.7803
0.516,-3.834
0.515,-3.7459
0.514,-3.8135
0.513,-3.7866
0.512,-3.8141
0.511,-3.7363
0.51,-3.8087
0.509,-3.7305
0.508,-3.8062
0.507,-3.7845
0.506,-3.8247
0.505,-3.8007
0.504,-3.7527
0.503,-3.7696
0.502,-3.752
0.501,-3.7393
0.5,-3.7347
0.499,-3.7372
0.498,-3.7631
0.497,-3.7135
0.496,-3.7156
0.495,-3.7882
0.494,-3.7383
0.493,-3.7979
0.492,-3.6865
0.491,-3.787
0.49,-3.6847
0.489,-3.7432
0.488,-3.7814
0.487,-3.7603
0.486,-3.789
0.485,-3.7845
0.484,-3.7023
0.483,-3.7612
0.482,-3.6561
0.481,-3.7954
0.48,-3.7741
0.479,-3.7395
0.478,-3.7071
0.477,-3.716
0.476,-3.7131
0.475,-3.6297
0.474,-3.7376
0.473,-3.6243
0.472,-3.7983
0.471,-3.6586
0.47,-3.651
0.469,-3.6756
0.468,-3.7755
0.467,-3.6977
0.466,-3.6755
0.465,-3.6531
0.464,-3.7258
0.463,-3.6324
0.462,-3.6479
0.461,-3.7178
0.46,-3.6437
0.459,-3.7046
0.458,-3.6702
0.457,-3.678
0.456,-3.7099
0.455,-3.6382
0.454,-3.653
0.453,-3.6325
0.452,-3.7279
0.451,-3.6642
0.45,-3.647
0.449,-3.6543
0.448,-3.6317
0.447,-3.6239
0.446,-3.6774
0.445,-3.5764
0.444,-3.6502
0.443,-3.6144
0.442,-3.6353
0.441,-3.6243
0.44,-3.7098
0.439,-3.675
0.438,-3.665
0.437,-3.6938
0.436,-3.659
0.435,-3.671
0.434,-3.6271
0.433,-3.6007
0.432,-3.6406
0.431,-3.648
0.43,-3.6341
0.429,-3.6007
0.428,-3.6462
0.427,-3.6357
0.426,-3.6189
0.425,-3.5959
0.424,-3.5638
0.423,-3.5967
0.422,-3.6084
0.421,-3.6372
0.42,-3.5657
0.419,-3.6662
0.418,-3.6625
0.417,-3.6004
0.416,-3.5726
0.415,-3.5572
0.414,-3.7041
0.413,-3.5314
0.412,-3.5651
0.411,-3.6418
0.41,-3.6039
0.409,-3.6124
0.408,-3.6178
0.407,-3.5917
0.406,-3.5718
0.405,-3.5897
0.404,-3.535
0.403,-3.603
0.402,-3.6404
0.401,-3.6731
0.4,-3.6196
0.399,-3.5911
0.398,-3.6284
0.397,-3.6161
0.396,-3.6254
0.395,-3.5756
0.394,-3.5689
0.393,-3.6232
0.392,-3.641
0.391,-3.615
0.39,-3.606
0.389,-3.7667
0.388,-3.54
0.387,-3.5917
0.386,-3.6351
0.385,-3.5926
0.384,-3.5753
0.383,-3.6209
0.382,-3.5222
0.381,-3.6275
0.38,-3.6137
0.379,-3.646
0.378,-3.608
0.377,-3.6838
0.376,-3.5841
0.375,-3.6663
0.374,-3.5932
0.373,-3.6514
0.372,-3.5762
0.371,-3.5753
0.37,-3.6343
0.369,-3.6234
0.368,-3.6214
0.367,-3.591
0.366,-3.536
0.365,-3.5722
0.364,-3.604
0.363,-3.6331
0.362,-3.6139
0.361,-3.5517
0.36,-3.6034
0.359,-3.5707
0.358,-3.651
0.357,-3.5637
0.356,-3.6527
0.355,-3.6004
0.354,-3.5808
0.353,-3.6272
0.352,-3.5588
0.351,-3.5636
0.35,-3.5772
0.349,-3.6397
0.348,-3.6105
0.347,-3.5953
0.346,-3.5614
0.345,-3.5972
0.344,-3.6036
0.343,-3.6486
0.342,-3.6136
0.341,-3.615
0.34,-3.589
0.339,-3.6159
0.338,-3.5655
0.337,-3.6362
0.336,-3.6158
0.335,-3.5765
0.334,-3.5965
0.333,-3.642
0.332,-3.624
0.331,-3.5535
0.33,-3.6828
0.329,-3.6616
0.328,-3.6087
0.327,-3.5009
0.326,-3.6153
0.325,-3.6083
0.324,-3.6896
0.323,-3.5628
0.322,-3.5664
0.321,-3.6467
0.32,-3.6621
0.319,-3.6001
0.318,-3.6018
0.317,-3.6337
0.316,-3.5746
0.315,-3.5817
0.314,-3.5778
0.313,-3.6658
0.312,-3.6875
0.311,-3.6062
0.31,-3.5739
0.309,-3.6584
0.308,-3.6649
0.307,-3.658
0.306,-3.5898
0.305,-3.6658
0.304,-3.6525
0.303,-3.6504
0.302,-3.6549
0.301,-3.6588
0.3,-3.624
0.299,-3.6764
0.298,-3.6034
0.297,-3.5956
0.296,-3.5976
0.295,-3.7076
0.294,-3.6084
0.293,-3.5664
0.292,-3.6437
0.291,-3.6799
0.29,-3.6977
0.289,-3.7203
0.288,-3.6617
0.287,-3.6705
0.286,-3.6805
0.285,-3.7488
0.284,-3.6607
0.283,-3.6938
0.282,-3.6376
0.281,-3.6059
0.28,-3.7045
0.279,-3.6294
0.278,-3.587
0.277,-3.6789
0.276,-3.6704
0.275,-3.7119
0.274,-3.7021
0.273,-3.6831
0.272,-3.7679
0.271,-3.7608
0.27,-3.6852
0.269,-3.7432
0.268,-3.748
0.267,-3.7304
0.266,-3.703
0.265,-3.7229
0.264,-3.7
0.263,-3.7456
0.262,-3.7967
0.261,-3.6898
0.26,-3.7165
0.259,-3.6752
0.258,-3.7913
0.257,-3.6362
0.256,-3.6867
0.255,-3.7547
0.254,-3.6889
0.253,-3.8547
0.252,-3.7311
0.251,-3.6928
0.25,-3.6543
0.249,-3.7619
0.248,-3.7801
0.247,-3.7492
0.246,-3.7333
0.245,-3.8531
0.244,-3.7728
0.243,-3.8271
0.242,-3.7833
0.241,-3.7769
0.24,-3.7462
0.239,-3.7165
0.238,-3.7894
0.237,-3.8211
0.236,-3.8118
0.235,-3.7832
0.234,-3.8623
0.233,-3.878
0.232,-3.7784
0.231,-3.7976
0.23,-3.8056
0.229,-3.7714
0.228,-3.8433
0.227,-3.8094
0.226,-3.8057
0.225,-3.8735
0.224,-3.8268
0.223,-3.8264
0.222,-3.8841
0.221,-3.9034
0.22,-3.8161
0.219,-3.8105
0.218,-3.8177
0.217,-3.7981
0.216,-3.8063
0.215,-3.8798
0.214,-3.8112
0.213,-3.8172
0.212,-3.863
0.211,-3.8621
0.21,-3.8979
0.209,-3.8257
0.208,-3.908
0.207,-3.9843
0.206,-3.8998
0.205,-3.8812
0.204,-3.9373
0.203,-3.8741
0.202,-3.814
0.201,-3.9375
0.2,-3.7988
0.199,-3.9317
0.198,-3.8718
0.197,-3.9273
0.196,-3.8499
0.195,-3.8565
0.194,-3.9617
0.193,-3.8258
0.192,-3.9685
0.191,-3.9869
0.19,-3.8973
0.189,-3.8784
0.188,-4.0363
0.187,-3.8798
0.186,-3.9174
0.185,-3.9167
0.184,-3.9841
0.183,-3.9251
0.182,-3.9704
0.181,-3.9339
0.18,-4.0414
0.179,-4.082
0.178,-4.0182
0.177,-4.0381
0.176,-3.9705
0.175,-4.0162
0.174,-4.071
0.173,-3.9781
0.172,-3.9581
0.171,-4.0637
0.17,-4.0766
0.169,-3.9424
0.168,-3.988
0.167,-3.9893
0.166,-4.0237
0.165,-3.9919
0.164,-4.0524
0.163,-4.0938
0.162,-3.9585
0.161,-3.986
0.16,-4.0848
0.159,-3.9767
0.158,-3.9514
0.157,-4.0527
0.156,-4.0543
0.155,-4.049
0.154,-4.0665
0.153,-4.1182
0.152,-4.1188
0.151,-4.1253
0.15,-4.1345
0.149,-4.092
0.148,-4.0775
0.147,-4.0437
0.146,-4.1741
0.145,-4.1685
0.144,-4.1465
0.143,-4.1477
0.142,-4.177
0.141,-4.0883
0.14,-4.0493
0.139,-4.1052
0.138,-4.1726
0.137,-4.1414
0.136,-4.1398
0.135,-4.1578
0.134,-4.1971
0.133,-4.1874
0.132,-4.1727
0.131,-4.1671
0.13,-4.1425
0.129,-4.1305
0.128,-4.1177
0.127,-4.2666
0.126,-4.1931
0.125,-4.1402
0.124,-4.1852
0.123,-4.2336
0.122,-4.2304
0.121,-4.2871
0.12,-4.2435
0.119,-4.2785
0.118,-4.188
0.117,-4.2909
0.116,-4.2699
0.115,-4.265
0.114,-4.1813
0.113,-4.2773
0.112,-4.2583
0.111,-4.3096
0.11,-4.3265
0.109,-4.3624
0.108,-4.284
0.107,-4.2596
0.106,-4.3513
0.105,-4.3042
0.104,-4.3607
0.103,-4.344
0.102,-4.3261
0.101,-4.3612
0.1,-4.4163
0.099,-4.3817
0.098,-4.4268
0.097,-4.366
0.096,-4.3847
0.095,-4.3817
0.094,-4.4215
0.093,-4.405
0.092,-4.3614
0.091,-4.4454
0.09,-4.4536
0.089,-4.4184
0.088,-4.3911
0.087,-4.3732
0.086,-4.4777
0.085,-4.5167
0.084,-4.3987
0.083,-4.4135
0.082,-4.4467
0.081,-4.3891
0.08,-4.428
0.079,-4.4229
0.078,-4.4597
0.077,-4.3829
0.076,-4.4475
0.075,-4.5195
0.074,-4.5297
0.073,-4.486
0.072,-4.456
0.071,-4.5205
0.07,-4.4679
0.069,-4.5666
0.068,-4.6312
0.067,-4.5637
0.066,-4.5014
0.065,-4.5596
0.064,-4.5535
0.063,-4.529
0.062,-4.5497
0.061,-4.5293
0.06,-4.566
0.059,-4.5723
0.058,-4.6135
0.057,-4.5267
0.056,-4.6803
0.055,-4.5244
0.054,-4.6278
0.053,-4.6638
0.052,-4.712
0.051,-4.5744
0.05,-4.557
0.049,-4.5751
0.048,-4.6179
0.047,-4.7255
0.046,-4.6474
0.045,-4.6536
0.044,-4.6702
0.043,-4.6799
0.042,-4.6323
0.041,-4.779
0.04,-4.7333
0.039,-4.7165
0.038,-4.7199
0.037,-4.6712
0.036,-4.6581
0.035,-4.698
0.034,-4.7102
0.033,-4.7743
0.032,-4.6221
0.031,-4.7024
0.03,-4.7606
0.029,-4.7705
0.028,-4.7305
0.027,-4.732
0.026,-4.7546
0.025,-4.7793
0.024,-4.8083
0.023,-4.7179
0.022,-4.7267
0.021,-4.7785
0.02,-4.8491
0.019,-4.8354
0.018,-4.8102
0.017,-4.8373
0.016,-4.8187
0.015,-4.8307
0.014,-4.9051
0.013,-4.8798
0.012,-4.8478
0.011,-4.8473
0.01,-4.7586
0.009,-4.8445
0.008,-4.9736
0.007,-4.9389
0.006,-4.8869
0.005,-4.9065
0.004,-4.9607
0.003,-4.9085
0.002,-4.9273
0.001,-5.0185
0,-5.0115
-0.001,-4.9566
-0.002,-4.9542
-0.003,-4.9556
-0.004,-4.931
-0.005,-4.9055
-0.006,-4.9739
-0.007,-4.9556
-0.008,-4.9559
-0.009,-5.0057
-0.01,-4.9983
-0.011,-5.0769
-0.012,-4.9915
-0.013,-5.0441
-0.014,-5.0301
-0.015,-5.0436
-0.016,-5.0312
-0.017,-4.9951
-0.018,-4.987
-0.019,-4.9765
-0.02,-5.0126
-0.021,-5.137
-0.022,-5.0456
-0.023,-5.1776
-0.024,-5.0924
-0.025,-5.1404
-0.026,-5.1638
-0.027,-5.149
-0.028,-5.0404
-0.029,-5.1543
-0.03,-5.0906
-0.031,-5.0924
-0.032,-5.188
-0.033,-5.1083
-0.034,-5.2094
-0.035,-5.1291
-0.036,-5.138
-0.037,-5.1641
-0.038,-5.2261
-0.039,-5.2439
-0.04,-5.277
-0.041,-5.2826
-0.042,-5.271
-0.043,-5.1654
-0.044,-5.2533
-0.045,-5.3206
-0.046,-5.2676
-0.047,-5.2682
-0.048,-5.2444
-0.049,-5.2929
-0.05,-5.2217
-0.051,-5.2757
-0.052,-5.243
-0.053,-5.2417
-0.054,-5.3641
-0.055,-5.3656
-0.056,-5.2976
-0.057,-5.2863
-0.058,-5.2624
-0.059,-5.3116
-0.06,-5.3981
-0.061,-5.3332
-0.062,-5.387
-0.063,-5.3734
-0.064,-5.4048
-0.065,-5.4174
-0.066,-5.4847
-0.067,-5.3924
-0.068,-5.4533
-0.069,-5.4371
-0.07,-5.4421
-0.071,-5.5267
-0.072,-5.5009
-0.073,-5.46
-0.074,-5.4841
-0.075,-5.4168
-0.076,-5.4516
-0.077,-5.4841
-0.078,-5.5168
-0.079,-5.4245
-0.08,-5.5509
-0.081,-5.5842
-0.082,-5.5617
-0.083,-5.5224
-0.084,-5.5069
-0.085,-5.4365
-0.086,-5.5851
-0.087,-5.5814
-0.088,-5.5193
-0.089,-5.5733
-0.09,-5.5223
-0.091,-5.5293
-0.092,-5.5778
-0.093,-5.646
-0.094,-5.5839
-0.095,-5.6684
-0.096,-5.6493
-0.097,-5.6171
-0.098,-5.5811
-0.099,-5.6325
-0.1,-5.6324
-0.101,-5.676
-0.102,-5.7715
-0.103,-5.7136
-0.104,-5.6477
-0.105,-5.7416
-0.106,-5.7475
-0.107,-5.8098
-0.108,-5.6617
-0.109,-5.6829
-0.11,-5.8041
-0.111,-5.8138
-0.112,-5.7771
-0.113,-5.8504
-0.114,-5.8301
-0.115,-5.7395
-0.116,-5.8807
-0.117,-5.8073
-0.118,-5.8654
-0.119,-5.88
-0.12,-5.8804
-0.121,-5.9115
-0.122,-5.9386
-0.123,-5.8721
-0.124,-6.0051
-0.125,-5.8981
-0.126,-5.9047
-0.127,-5.8766
-0.128,-5.896
-0.129,-5.8554
-0.13,-5.8637
-0.131,-5.9134
-0.132,-5.9071
-0.133,-5.9074
-0.134,-5.8756
-0.135,-5.8732
-0.136,-5.9331
-0.137,-6.0072
-0.138,-5.9279
-0.139,-6.0197
-0.14,-5.9211
-0.141,-6.0616
-0.142,-6.0234
-0.143,-5.9603
-0.144,-6.0781
-0.145,-6.1378
-0.146,-6.0989
-0.147,-6.0667
-0.148,-6.0478
-0.149,-6.0681
-0.15,-6.157
-0.151,-6.0696
-0.152,-6.0646
-0.153,-6.1814
-0.154,-6.1245
-0.155,-6.1591
-0.156,-6.117
-0.157,-6.1791
-0.158,-6.156
-0.159,-6.0958
-0.16,-6.1511
-0.161,-6.1752
-0.162,-6.1796
-0.163,-6.191
-0.164,-6.1486
-0.165,-6.1453
-0.166,-6.1935
-0.167,-6.2156
-0.168,-6.2059
-0.169,-6.2008
-0.17,-6.2997
-0.171,-6.1945
-0.172,-6.2201
-0.173,-6.2509
-0.174,-6.3355
-0.175,-6.2826
-0.176,-6.2913
-0.177,-6.3298
-0.178,-6.3194
-0.179,-6.3722
-0.18,-6.3925
-0.181,-6.3439
-0.182,-6.3258
-0.183,-6.3945
-0.184,-6.302
-0.185,-6.3187
-0.186,-6.3759
-0.187,-6.4628
-0.188,-6.4189
-0.189,-6.3719
-0.19,-6.4521
-0.191,-6.5261
-0.192,-6.4497
-0.193,-6.4654
-0.194,-6.4609
-0.195,-6.4911
-0.196,-6.4184
-0.197,-6.5072
-0.198,-6.4616
-0.199,-6.4667
-0.2,-6.5396
-0.201,-6.5367
-0.202,-6.5469
-0.203,-6.5689
-0.204,-6.5721
-0.205,-6.5309
-0.206,-6.5784
-0.207,-6.6654
-0.208,-6.6462
-0.209,-6.5805
-0.21,-6.7302
-0.211,-6.6886
-0.212,-6.65
-0.213,-6.6728
-0.214,-6.7211
-0.215,-6.7318
-0.216,-6.7591
-0.217,-6.6993
-0.218,-6.7069
-0.219,-6.7983
-0.22,-6.7581
-0.221,-6.7135
-0.222,-6.7581
-0.223,-6.8528
-0.224,-6.7675
-0.225,-6.7982
-0.226,-6.8568
-0.227,-6.8906
-0.228,-6.8914
-0.229,-6.8875
-0.23,-6.8478
-0.231,-6.8801
-0.232,-6.8222
-0.233,-6.9162
-0.234,-6.9832
-0.235,-6.9059
-0.236,-6.8628
-0.237,-6.9202
-0.238,-6.9399
-0.239,-7.0527
-0.24,-6.9496
-0.241,-7.1062
-0.242,-6.978
-0.243,-6.9445
-0.244,-7.0658
-0.245,-7.0414
-0.246,-7.089
-0.247,-6.9934
-0.248,-6.9857
-0.249,-7.0028
-0.25,-6.9466
-0.251,-7.1323
-0.252,-7.0216
-0.253,-7.1756
-0.254,-7.1385
-0.255,-7.075
-0.256,-7.0809
-0.257,-7.1332
-0.258,-7.1457
-0.259,-7.1556
-0.26,-7.2059
-0.261,-7.1657
-0.262,-7.1909
-0.263,-7.1135
-0.264,-7.0713
-0.265,-7.1045
-0.266,-7.1797
-0.267,-7.2047
-0.268,-7.3087
-0.269,-7.2002
-0.27,-7.1944
-0.271,-7.2774
-0.272,-7.2824
-0.273,-7.2521
-0.274,-7.2962
-0.275,-7.3576
-0.276,-7.3146
-0.277,-7.3459
-0.278,-7.4352
-0.279,-7.3911
-0.28,-7.4441
-0.281,-7.4278
-0.282,-7.3312
-0.283,-7.3289
-0.284,-7.3575
-0.285,-7.3932
-0.286,-7.5069
-0.287,-7.5507
-0.288,-7.4789
-0.289,-7.5529
-0.29,-7.4714
-0.291,-7.5706
-0.292,-7.5466
-0.293,-7.5599
-0.294,-7.5451
-0.295,-7.5873
-0.296,-7.5246
-0.297,-7.4837
-0.298,-7.5832
-0.299,-7.652
-0.3,-7.5905
-0.301,-7.6817
-0.302,-7.7073
-0.303,-7.7695
-0.304,-7.7062
-0.305,-7.6563
-0.306,-7.6997
-0.307,-7.6738
-0.308,-7.724
-0.309,-7.6539
-0.31,-7.6601
-0.311,-7.8628
-0.312,-7.7803
-0.313,-7.7502
-0.314,-7.8193
-0.315,-7.7976
-0.316,-7.8294
-0.317,-7.8018
-0.318,-7.7491
-0.319,-7.8517
-0.32,-7.9002
-0.321,-7.9902
-0.322,-7.9646
-0.323,-7.8274
-0.324,-7.8896
-0.325,-7.8994
-0.326,-7.9437
-0.327,-7.9567
-0.328,-7.9266
-0.329,-7.9914
-0.33,-8.0033
-0.331,-7.9265
-0.332,-7.9869
-0.333,-7.9892
-0.334,-8.0059
-0.335,-8.0703
-0.336,-8.0601
-0.337,-8.0324
-0.338,-8.1125
-0.339,-8.0517
-0.34,-8.1098
-0.341,-8.0805
-0.342,-8.0273
-0.343,-8.1037
-0.344,-8.113
-0.345,-8.1389
-0.346,-8.1391
-0.347,-8.0513
-0.348,-8.1563
-0.349,-8.1774
-0.35,-8.1883
-0.351,-8.1316
-0.352,-8.2703
-0.353,-8.2955
-0.354,-8.1602
-0.355,-8.2899
-0.356,-8.2534
-0.357,-8.2686
-0.358,-8.273
-0.359,-8.2326
-0.36,-8.4103
-0.361,-8.3458
-0.362,-8.4019
-0.363,-8.4831
-0.364,-8.4787
-0.365,-8.4276
-0.366,-8.4367
-0.367,-8.4853
-0.368,-8.5192
-0.369,-8.5123
-0.37,-8.5267
-0.371,-8.5479
-0.372,-8.5309
-0.373,-8.5148
-0.374,-8.5237
-0.375,-8.5586
-0.376,-8.5021
-0.377,-8.4725
-0.378,-8.5419
-0.379,-8.5627
-0.38,-8.5394
-0.381,-8.6007
-0.382,-8.5614
-0.383,-8.5224
-0.384,-8.6387
-0.385,-8.7189
-0.386,-8.5466
-0.387,-8.6687
-0.388,-8.6918
-0.389,-8.7299
-0.39,-8.583
-0.391,-8.638
-0.392,-8.7717
-0.393,-8.7287
-0.394,-8.6609
-0.395,-8.7869
-0.396,-8.7286
-0.397,-8.6837
-0.398,-8.7121
-0.399,-8.7623
-0.4,-8.8199
-0.401,-8.789
-0.402,-8.779
-0.403,-8.9773
-0.404,-8.9007
-0.405,-8.9604
-0.406,-8.8566
-0.407,-8.8578
-0.408,-8.9092
-0.409,-8.9233
-0.41,-8.9076
-0.411,-8.9024
-0.412,-8.9296
-0.413,-8.9891
-0.414,-8.9835
-0.415,-9.0825
-0.416,-8.9497
-0.417,-8.9894
-0.418,-9.0438
-0.419,-9.0449
-0.42,-9.1148
-0.421,-9.1392
-0.422,-9.0417
-0.423,-9.0379
-0.424,-9.0973
-0.425,-9.1306
-0.426,-9.1422
-0.427,-9.1476
-0.428,-9.1294
-0.429,-9.1456
-0.43,-9.2149
-0.431,-9.2561
-0.432,-9.2129
-0.433,-9.2524
-0.434,-9.2358
-0.435,-9.2775
-0.436,-9.2286
-0.437,-9.2393
-0.438,-9.309
-0.439,-9.2995
-0.44,-9.2999
-0.441,-9.3091
-0.442,-9.2957
-0.443,-9.3788
-0.444,-9.309
-0.445,-9.454
-0.446,-9.4102
-0.447,-9.4779
-0.448,-9.4636
-0.449,-9.4609
-0.45,-9.4832
-0.451,-9.4406
-0.452,-9.4612
-0.453,-9.4243
-0.454,-9.5137
-0.455,-9.5232
-0.456,-9.5202
-0.457,-9.5569
-0.458,-9.5885
-0.459,-9.5604
-0.46,-9.5182
-0.461,-9.5424
-0.462,-9.5808
-0.463,-9.6124
-0.464,-9.691
-0.465,-9.7232
-0.466,-9.7454
-0.467,-9.6888
-0.468,-9.7918
-0.469,-9.7279
-0.47,-9.6577
-0.471,-9.7735
-0.472,-9.6475
-0.473,-9.7362
-0.474,-9.7914
-0.475,-9.8526
-0.476,-9.7933
-0.477,-9.8287
-0.478,-9.7974
-0.479,-9.7898
-0.48,-9.7683
-0.481,-9.812
-0.482,-9.7297
-0.483,-9.8815
-0.484,-9.7675
-0.485,-9.8105
-0.486,-9.8092
-0.487,-9.8134
-0.488,-9.8765
-0.489,-9.9625
-0.49,-9.9632
-0.491,-9.982
-0.492,-9.9393
-0.493,-9.9131
-0.494,-9.9194
-0.495,-9.9577
-0.496,-9.9415
-0.497,-10.043
-0.498,-10.069
-0.499,-10.031
-0.5,-10.033
-0.501,-10.149
-0.502,-10.126
-0.503,-10.16
-0.504,-10.133
-0.505,-10.203
-0.506,-10.182
-0.507,-10.074
-0.508,-10.102
-0.509,-10.044
-0.51,-10.292
-0.511,-10.24
-0.512,-10.2
-0.513,-10.21
-0.514,-10.366
-0.515,-10.316
-0.516,-10.236
-0.517,-10.361
-0.518,-10.393
-0.519,-10.479
-0.52,-10.417
-0.521,-10.408
-0.522,-10.489
-0.523,-10.439
-0.524,-10.491
-0.525,-10.489
-0.526,-10.471
-0.527,-10.574
-0.528,-10.458
-0.529,-10.451
-0.53,-10.535
-0.531,-10.566
-0.532,-10.652
-0.533,-10.577
-0.534,-10.607
-0.535,-10.681
-0.536,-10.644
-0.537,-10.601
-0.538,-10.714
-0.539,-10.717
-0.54,-10.574
-0.541,-10.623
-0.542,-10.728
-0.543,-10.805
-0.544,-10.799
-0.545,-10.719
-0.546,-10.747
-0.547,-10.737
-0.548,-10.65
-0.549,-10.809
-0.55,-10.688
-0.551,-10.848
-0.552,-10.833
-0.553,-10.832
-0.554,-10.793
-0.555,-10.821
-0.556,-10.809
-0.557,-10.782
-0.558,-10.924
-0.559,-10.966
-0.56,-10.949
-0.561,-10.893
-0.562,-10.921
-0.563,-10.982
-0.564,-10.967
-0.565,-11.065
-0.566,-11.072
-0.567,-11.044
-0.568,-11.045
-0.569,-10.992
-0.57,-11.019
-0.571,-11.088
-0.572,-11.097
-0.573,-11.079
-0.574,-11.008
-0.575,-11.05
-0.576,-11.135
-0.577,-11.152
-0.578,-11.21
-0.579,-11.141
-0.58,-11.315
-0.581,-11.237
-0.582,-11.22
-0.583,-11.332
-0.584,-11.22
-0.585,-11.226
-0.586,-11.306
-0.587,-11.321
-0.588,-11.295
-0.589,-11.253
-0.59,-11.416
-0.591,-11.372
-0.592,-11.424
-0.593,-11.401
-0.594,-11.432
-0.595,-11.546
-0.596,-11.519
-0.597,-11.571
-0.598,-11.561
-0.599,-11.57
-0.6,-11.607
-0.601,-11.648
-0.602,-11.639
-0.603,-11.494
-0.604,-11.554
-0.605,-11.663
-0.606,-11.623
-0.607,-11.636
-0.608,-11.674
-0.609,-11.608
-0.61,-11.622
-0.611,-11.623
-0.612,-11.62
-0.613,-11.688
-0.614,-11.725
-0.615,-11.734
-0.616,-11.763
-0.617,-11.689
-0.618,-11.734
-0.619,-11.832
-0.62,-11.831
-0.621,-11.822
-0.622,-11.79
-0.623,-11.771
-0.624,-11.879
-0.625,-11.818
-0.626,-11.905
-0.627,-11.899
-0.628,-11.844
-0.629,-11.945
-0.63,-11.999
-0.631,-12.052
-0.632,-11.982
-0.633,-12.072
-0.634,-12.007
-0.635,-11.903
-0.636,-11.93
-0.637,-12.074
-0.638,-12.063
-0.639,-12.07
-0.64,-12.153
-0.641,-12.187
-0.642,-12.225
-0.643,-12.156
-0.644,-12.229
-0.645,-12.201
-0.646,-12.313
-0.647,-12.179
-0.648,-12.288
-0.649,-12.179
-0.65,-12.2
-0.651,-12.389
-0.652,-12.256
-0.653,-12.257
-0.654,-12.389
-0.655,-12.352
-0.656,-12.199
-0.657,-12.367
-0.658,-12.294
-0.659,-12.314
-0.66,-12.395
-0.661,-12.298
-0.662,-12.391
-0.663,-12.404
-0.664,-12.377
-0.665,-12.468
-0.666,-12.429
-0.667,-12.518
-0.668,-12.575
-0.669,-12.47
-0.67,-12.521
-0.671,-12.579
-0.672,-12.613
-0.673,-12.608
-0.674,-12.634
-0.675,-12.676
-0.676,-12.616
-0.677,-12.642
-0.678,-12.606
-0.679,-12.747
-0.68,-12.628
-0.681,-12.779
-0.682,-12.759
-0.683,-12.74
-0.684,-12.751
-0.685,-12.745
-0.686,-12.826
-0.687,-12.864
-0.688,-12.748
-0.689,-12.776
-0.69,-12.741
-0.691,-12.949
-0.692,-12.744
-0.693,-12.889
-0.694,-12.849
-0.695,-12.949
-0.696,-12.931
-0.697,-13.016
-0.698,-13.043
-0.699,-13.078
-0.7,-12.99
-0.701,-13.097
-0.702,-13.003
-0.703,-13.097
-0.704,-13.012
-0.705,-13.078
-0.706,-13.034
-0.707,-13.005
-0.708,-12.951
-0.709,-13.055
-0.71,-13.122
-0.711,-13.141
-0.712,-13.078
-0.713,-13.188
-0.714,-13.238
-0.715,-13.092
-0.716,-13.214
-0.717,-13.27
-0.718,-13.319
-0.719,-13.345
-0.72,-13.351
-0.721,-13.229
-0.722,-13.341
-0.723,-13.365
-0.724,-13.262
-0.725,-13.368
-0.726,-13.335
-0.727,-13.493
-0.728,-13.433
-0.729,-13.462
-0.73,-13.54
-0.731,-13.59
-0.732,-13.534
-0.733,-13.595
-0.734,-13.539
-0.735,-13.602
-0.736,-13.695
-0.737,-13.658
-0.738,-13.609
-0.739,-13.678
-0.74,-13.717
-0.741,-13.716
-0.742,-13.707
-0.743,-13.603
-0.744,-13.668
-0.745,-13.607
-0.746,-13.695
-0.747,-13.646
-0.748,-13.721
-0.749,-13.765
-0.75,-13.757
-0.751,-13.866
-0.752,-13.905
-0.753,-13.815
-0.754,-13.92
-0.755,-13.861
-0.756,-13.84
-0.757,-13.892
-0.758,-13.85
-0.759,-13.882
-0.76,-14.001
-0.761,-14.037
-0.762,-14.08
-0.763,-14.048
-0.764,-13.949
-0.765,-13.992
-0.766,-14.081
-0.767,-14.056
-0.768,-14.15
-0.769,-14.133
-0.77,-14.083
-0.771,-14.097
-0.772,-14.267
-0.773,-14.107
-0.774,-14.17
-0.775,-14.057
-0.776,-14.194
-0.777,-14.122
-0.778,-14.181
-0.779,-14.2
-0.78,-14.29
-0.781,-14.374
-0.782,-14.338
-0.783,-14.396
-0.784,-14.331
-0.785,-14.432
-0.786,-14.235
-0.787,-14.287
-0.788,-14.363
-0.789,-14.294
-0.79,-14.419
-0.791,-14.471
-0.792,-14.303
-0.793,-14.408
-0.794,-14.548
-0.795,-14.397
-0.796,-14.421
-0.797,-14.554
-0.798,-14.512
-0.799,-14.539
-0.8,-14.612
-0.801,-14.495
-0.802,-14.551
-0.803,-14.303
-0.804,-14.636
-0.805,-14.714
-0.806,-14.703
-0.807,-14.702
-0.808,-14.555
-0.809,-14.672
-0.81,-14.764
-0.811,-14.736
-0.812,-14.786
-0.813,-14.79
-0.814,-14.741
-0.815,-14.997
-0.816,-14.905
-0.817,-14.963
-0.818,-14.959
-0.819,-15.011
-0.82,-14.973
-0.821,-15.019
-0.822,-14.944
-0.823,-14.93
-0.824,-14.904
-0.825,-14.848
-0.826,-14.841
-0.827,-15.059
-0.828,-15.124
-0.829,-15.008
-0.83,-15.029
-0.831,-14.953
-0.832,-14.992
-0.833,-15.209
-0.834,-15.104
-0.835,-15.009
-0.836,-15.215
-0.837,-15.333
-0.838,-15.305
-0.839,-15.299
-0.84,-15.323
-0.841,-15.366
-0.842,-15.357
-0.843,-15.417
-0.844,-15.307
-0.845,-15.265
-0.846,-15.275
-0.847,-15.406
-0.848,-15.36
-0.849,-15.415
-0.85,-15.459
-0.851,-15.456
-0.852,-15.476
-0.853,-15.364
-0.854,-15.454
-0.855,-15.496
-0.856,-15.464
-0.857,-15.414
-0.858,-15.428
-0.859,-15.56
-0.86,-16.132
-0.861,-16.278
-0.862,-16.33
-0.863,-16.417
-0.864,-15.639
-0.865,-15.654
-0.866,-15.671
-0.867,-15.673
-0.868,-15.793
-0.869,-15.787
-0.87,-15.7
-0.871,-15.835
-0.872,-15.719
-0.873,-15.579
-0.874,-15.774
-0.875,-15.785
-0.876,-15.745
-0.877,-15.776
-0.878,-15.713
-0.879,-15.929
-0.88,-15.898
-0.881,-16.003
-0.882,-15.986
-0.883,-15.949
-0.884,-15.951
-0.885,-16.046
-0.886,-15.978
-0.887,-15.969
-0.888,-16.061
-0.889,-16.052
-0.89,-16.04
-0.891,-16.065
-0.892,-15.887
-0.893,-16.023
-0.894,-16.034
-0.895,-16.145
-0.896,-16.103
-0.897,-16.171
-0.898,-16.18
-0.899,-16.259
-0.9,-16.277
-0.901,-16.274
-0.902,-16.259
-0.903,-16.299
-0.904,-16.311
-0.905,-16.348
-0.906,-16.178
-0.907,-16.171
-0.908,-16.329
-0.909,-16.375
-0.91,-16.352
-0.911,-16.251
-0.912,-16.265
-0.913,-16.436
-0.914,-16.354
-0.915,-16.952
-0.916,-17.222
-0.917,-17.158
-0.918,-17.154
-0.919,-16.59
-0.92,-16.635
-0.921,-16.571
-0.922,-16.678
-0.923,-16.678
-0.924,-16.678
-0.925,-16.74
-0.926,-16.636
-0.927,-16.678
-0.928,-16.698
-0.929,-16.65
-0.93,-16.768
-0.931,-16.783
-0.932,-16.72
-0.933,-16.702
-0.934,-16.633
-0.935,-16.688
-0.936,-16.703
-0.937,-16.748
-0.938,-16.703
-0.939,-16.835
-0.94,-16.94
-0.941,-16.756
-0.942,-16.935
-0.943,-16.971
-0.944,-16.701
-0.945,-16.772
-0.946,-17.001
-0.947,-16.922
-0.948,-16.919
-0.949,-17.102
-0.95,-17.087
-0.951,-16.898
-0.952,-16.911
-0.953,-17.042
-0.954,-17.02
-0.955,-17.077
-0.956,-17.147
-0.957,-17.04
-0.958,-17.32
-0.959,-17.189
-0.96,-17.235
-0.961,-17.11
-0.962,-17.25
-0.963,-17.227
-0.964,-17.318
-0.965,-17.172
-0.966,-17.33
-0.967,-17.351
-0.968,-17.318
-0.969,-17.334
-0.97,-17.253
-0.971,-17.15
-0.972,-17.192
-0.973,-17.229
-0.974,-17.401
-0.975,-17.183
-0.976,-17.386
-0.977,-17.465
-0.978,-17.442
-0.979,-17.37
-0.98,-17.483
-0.981,-17.499
-0.982,-17.507
-0.983,-17.518
-0.984,-17.474
-0.985,-17.631
-0.986,-17.62
-0.987,-17.606
-0.988,-17.686
-0.989,-17.705
-0.99,-17.726
-0.991,-17.843
-0.992,-17.647
-0.993,-17.666
-0.994,-17.695
-0.995,-17.608
-0.996,-17.597
-0.997,-17.756
-0.998,-17.74
-0.999,-17.68
-1,-17.75
-1.001,-17.936
-1.002,-18.011
-1.003,-17.758
-1.004,-17.903
-1.005,-17.925
-1.006,-18.002
-1.007,-17.991
-1.008,-18.022
-1.009,-17.995
-1.01,-17.92
-1.011,-17.977
-1.012,-17.97
-1.013,-18.043
-1.014,-18.014
-1.015,-17.991
-1.016,-18.09
-1.017,-18.09
-1.018,-18.064
-1.019,-18.054
-1.02,-18.109
-1.021,-17.989
-1.022,-18.078
-1.023,-18.016
-1.024,-18.231
-1.025,-18.087
-1.026,-18.178
-1.027,-18.243
-1.028,-18.229
-1.029,-18.218
-1.03,-18.222
-1.031,-18.171
-1.032,-18.255
-1.033,-18.383
-1.034,-18.437
-1.035,-18.389
-1.036,-18.22
-1.037,-18.367
-1.038,-18.532
-1.039,-18.469
-1.04,-18.355
-1.041,-18.38
-1.042,-18.499
-1.043,-18.456
-1.044,-18.566
-1.045,-18.584
-1.046,-18.683
-1.047,-18.698
-1.048,-18.692
-1.049,-18.741
-1.05,-18.536
-1.051,-18.706
-1.052,-18.586
-1.053,-18.612
-1.054,-18.805
-1.055,-18.791
-1.056,-18.822
-1.057,-18.703
-1.058,-18.708
-1.059,-18.75
-1.06,-18.736
-1.061,-18.866
-1.062,-18.887
-1.063,-18.893
-1.064,-19.057
-1.065,-19.083
-1.066,-19.043
-1.067,-18.865
-1.068,-18.962
-1.069,-19.104
-1.07,-19.029
-1.071,-19.002
-1.072,-19.061
-1.073,-19.176
-1.074,-19.256
-1.075,-19.137
-1.076,-19.059
-1.077,-19.111
-1.078,-19.191
-1.079,-19.123
-1.08,-19.255
-1.081,-19.23
-1.082,-19.247
-1.083,-19.156
-1.084,-19.352
-1.085,-19.129
-1.086,-19.313
-1.087,-19.29
-1.088,-19.305
-1.089,-19.363
-1.09,-19.287
-1.091,-19.52
-1.092,-19.393
-1.093,-19.464
-1.094,-19.572
-1.095,-19.485
-1.096,-19.545
-1.097,-19.511
-1.098,-19.499
-1.099,-19.563
-1.1,-19.556
-1.101,-19.586
-1.102,-19.741
-1.103,-19.725
-1.104,-19.702
-1.105,-19.706
-1.106,-19.686
-1.107,-19.884
-1.108,-19.801
-1.109,-19.801
-1.11,-19.773
-1.111,-19.685
-1.112,-19.814
-1.113,-19.895
-1.114,-19.843
-1.115,-19.673
-1.116,-19.856
-1.117,-19.81
-1.118,-20.636
-1.119,-20.762
-1.12,-20.93
-1.121,-20.841
-1.122,-20.543
-1.123,-19.822
-1.124,-20.589
-1.125,-20.935
-1.126,-20.056
-1.127,-20.09
-1.128,-20.166
-1.129,-20.112
-1.13,-20.011
-1.131,-20.117
-1.132,-20.18
-1.133,-20.198
-1.134,-20.302
-1.135,-20.166
-1.136,-20.23
-1.137,-20.309
-1.138,-20.304
-1.139,-20.422
-1.14,-20.3
-1.141,-20.356
-1.142,-20.22
-1.143,-20.356
-1.144,-20.453
-1.145,-20.332
-1.146,-20.498
-1.147,-20.481
-1.148,-20.426
-1.149,-20.931
-1.15,-21.397
-1.151,-21.685
-1.152,-21.599
-1.153,-21.581
-1.154,-21.596
-1.155,-21.692
-1.156,-21.65
-1.157,-21.644
-1.158,-20.886
-1.159,-20.727
-1.16,-20.748
-1.161,-20.672
-1.162,-20.788
-1.163,-20.833
-1.164,-20.803
-1.165,-20.827
-1.166,-20.891
-1.167,-20.777
-1.168,-20.862
-1.169,-20.758
-1.17,-20.849
-1.171,-20.931
-1.172,-20.962
-1.173,-20.888
-1.174,-20.852
-1.175,-20.959
-1.176,-20.946
-1.177,-21.056
-1.178,-21.075
-1.179,-21.057
-1.18,-21.076
-1.181,-21.793
-1.182,-22.132
-1.183,-22.163
-1.184,-22.189
-1.185,-21.519
-1.186,-21.365
-1.187,-21.419
-1.188,-21.104
-1.189,-21.206
-1.19,-22.116
-1.191,-22.111
-1.192,-22.351
-1.193,-22.226
-1.194,-22.309
-1.195,-22.314
-1.196,-22.262
-1.197,-22.444
-1.198,-22.411
-1.199,-22.424
-1.2,-22.542
-1.201,-22.329
-1.202,-21.601
-1.203,-21.576
-1.204,-21.573
-1.205,-22.031
-1.206,-22.479
-1.207,-22.1
-1.208,-21.703
-1.209,-21.709
-1.21,-21.677
-1.211,-21.743
-1.212,-21.783
-1.213,-21.781
-1.214,-21.73
-1.215,-21.829
-1.216,-21.897
-1.217,-21.85
-1.218,-21.755
-1.219,-21.817
-1.22,-21.765
-1.221,-21.945
-1.222,-22.044
-1.223,-21.9
-1.224,-21.849
-1.225,-21.969
-1.226,-22.133
-1.227,-21.947
-1.228,-21.938
-1.229,-22.138
-1.23,-22.113
-1.231,-22.083
-1.232,-22.109
-1.233,-22.14
-1.234,-22.118
-1.235,-22.052
-1.236,-22.126
-1.237,-22.24
-1.238,-22.215
-1.239,-22.209
-1.24,-22.331
-1.241,-22.142
-1.242,-22.36
-1.243,-22.296
-1.244,-22.265
-1.245,-22.288
-1.246,-22.36
-1.247,-22.424
-1.248,-22.447
-1.249,-22.515
-1.25,-22.412
-1.251,-22.444
-1.252,-22.504
-1.253,-22.464
-1.254,-22.438
-1.255,-23.041
-1.256,-23.486
-1.257,-23.517
-1.258,-23.526
-1.259,-23.605
-1.26,-23.108
-1.261,-22.601
-1.262,-22.712
-1.263,-22.69
-1.264,-22.684
-1.265,-22.696
-1.266,-23.348
-1.267,-23.727
-1.268,-23.827
-1.269,-23.881
-1.27,-23.814
-1.271,-23.827
-1.272,-23.831
-1.273,-23.81
-1.274,-23.856
-1.275,-23.902
-1.276,-23.857
-1.277,-23.857
-1.278,-24.081
-1.279,-23.955
-1.28,-23.999
-1.281,-24.09
-1.282,-23.958
-1.283,-24.126
-1.284,-24.105
-1.285,-24.154
-1.286,-24.182
-1.287,-24.248
-1.288,-24.288
-1.289,-23.195
-1.29,-23.171
-1.291,-24.008
-1.292,-24.178
-1.293,-24.2
-1.294,-24.429
-1.295,-24.462
-1.296,-24.384
-1.297,-24.258
-1.298,-24.402
-1.299,-24.356
-1.3,-24.489
-1.301,-24.438
-1.302,-24.555
-1.303,-24.547
-1.304,-24.498
-1.305,-24.595
-1.306,-24.452
-1.307,-24.619
-1.308,-24.633
-1.309,-24.669
-1.31,-24.51
-1.311,-24.542
-1.312,-24.817
-1.313,-24.782
-1.314,-24.801
-1.315,-24.876
-1.316,-24.803
-1.317,-24.81
-1.318,-24.857
-1.319,-24.87
-1.32,-24.922
-1.321,-24.999
-1.322,-24.947
-1.323,-24.621
-1.324,-24.093
-1.325,-24.036
-1.326,-24.058
-1.327,-24.189
-1.328,-25.073
-1.329,-25.076
-1.33,-25.152
-1.331,-25.189
-1.332,-25.137
-1.333,-25.273
-1.334,-24.34
-1.335,-24.404
-1.336,-24.417
-1.337,-24.39
-1.338,-24.429
-1.339,-24.405
-1.34,-24.511
-1.341,-24.388
-1.342,-24.585
-1.343,-24.403
-1.344,-24.558
-1.345,-24.601
-1.346,-24.702
-1.347,-24.547
-1.348,-24.637
-1.349,-24.717
-1.35,-24.696
-1.351,-24.568
-1.352,-24.747
-1.353,-25.582
-1.354,-25.592
-1.355,-25.693
-1.356,-25.603
-1.357,-25.697
-1.358,-25.718
-1.359,-25.742
-1.36,-25.77
-1.361,-25.877
-1.362,-25.858
-1.363,-25.759
-1.364,-25.755
-1.365,-25.88
-1.366,-25.799
-1.367,-25.922
-1.368,-25.834
-1.369,-25.947
-1.37,-26.012
-1.371,-26.089
-1.372,-25.988
-1.373,-26.186
-1.374,-26.076
-1.375,-26.103
-1.376,-26.052
-1.377,-26.06
-1.378,-26.055
-1.379,-25.964
-1.38,-26.192
-1.381,-26.189
-1.382,-26.33
-1.383,-26.284
-1.384,-26.263
-1.385,-26.265
-1.386,-26.369
-1.387,-26.314
-1.388,-26.25
-1.389,-26.32
-1.39,-26.443
-1.391,-26.419
-1.392,-26.444
-1.393,-26.488
-1.394,-26.483
-1.395,-26.562
-1.396,-26.505
-1.397,-26.671
-1.398,-26.653
-1.399,-26.676
-1.4,-26.789
-1.401,-26.688
-1.402,-26.635
-1.403,-25.674
-1.404,-25.682
-1.405,-25.828
-1.406,-26.759
-1.407,-26.738
-1.408,-26.697
-1.409,-26.716
-1.41,-26.855
-1.411,-26.681
-1.412,-26.883
-1.413,-26.776
-1.414,-26.049
-1.415,-26.881
-1.416,-27.101
-1.417,-26.955
-1.418,-27.005
-1.419,-27.077
-1.42,-27.032
-1.421,-27.097
-1.422,-26.964
-1.423,-27.356
-1.424,-27.184
-1.425,-27.328
-1.426,-27.214
-1.427,-27.179
-1.428,-27.152
-1.429,-27.343
-1.43,-27.27
-1.431,-27.332
-1.432,-27.323
-1.433,-27.376
-1.434,-27.365
-1.435,-27.546
-1.436,-27.505
-1.437,-27.544
-1.438,-27.523
-1.439,-27.441
-1.44,-27.488
-1.441,-26.756
-1.442,-26.918
-1.443,-26.887
-1.444,-26.974
-1.445,-27.68
-1.446,-27.783
-1.447,-27.723
-1.448,-27.797
-1.449,-27.851
-1.45,-27.771
-1.451,-27.203
-1.452,-27.044
-1.453,-27.899
-1.454,-27.884
-1.455,-27.78
-1.456,-27.851
-1.457,-27.87
-1.458,-28.035
-1.459,-28.106
-1.46,-27.961
-1.461,-27.942
-1.462,-28.197
-1.463,-28.051
-1.464,-28.135
-1.465,-28.128
-1.466,-28.197
-1.467,-28.116
-1.468,-28.224
-1.469,-28.326
-1.47,-28.386
-1.471,-28.204
-1.472,-28.351
-1.473,-28.299
-1.474,-28.523
-1.475,-28.468
-1.476,-28.384
-1.477,-28.47
-1.478,-28.57
-1.479,-28.512
-1.48,-28.525
-1.481,-28.449
-1.482,-28.384
-1.483,-28.462
-1.484,-28.506
-1.485,-28.571
-1.486,-28.659
-1.487,-28.664
-1.488,-28.694
-1.489,-28.748
-1.49,-28.907
-1.491,-28.635
-1.492,-28.831
-1.493,-28.852
-1.494,-28.817
-1.495,-29.058
-1.496,-28.902
-1.497,-28.879
-1.498,-28.773
-1.499,-28.836
-1.5,-28.897
-1.501,-28.877
-1.502,-28.874
-1.503,-29.202
-1.504,-28.891
-1.505,-29.292
-1.506,-29.239
-1.507,-29.173
-1.508,-29.326
-1.509,-29.194
-1.51,-28.508
-1.511,-28.6
-1.512,-29.379
-1.513,-29.405
-1.514,-29.183
-1.515,-29.447
-1.516,-29.461
-1.517,-29.663
-1.518,-29.34
-1.519,-29.578
-1.52,-29.407
-1.521,-29.644
-1.522,-29.458
-1.523,-29.515
-1.524,-29.695
-1.525,-29.705
-1.526,-29.709
-1.527,-29.53
-1.528,-29.659
-1.529,-29.839
-1.53,-29.723
-1.531,-29.879
-1.532,-29.749
-1.533,-29.961
-1.534,-29.86
-1.535,-29.89
-1.536,-29.754
-1.537,-29.849
-1.538,-30.014
-1.539,-29.961
-1.54,-30.01
-1.541,-30.09
-1.542,-30.161
-1.543,-30.28
-1.544,-30.144
-1.545,-30.186
-1.546,-30.361
-1.547,-30.19
-1.548,-30.401
-1.549,-30.4
-1.55,-30.449
-1.551,-30.219
-1.552,-30.288
-1.553,-30.503
-1.554,-30.402
-1.555,-30.474
-1.556,-30.327
-1.557,-30.576
-1.558,-30.564
-1.559,-30.509
-1.56,-30.736
-1.561,-30.536
-1.562,-30.973
-1.563,-30.733
-1.564,-30.599
-1.565,-30.762
-1.566,-30.733
-1.567,-30.889
-1.568,-30.721
-1.569,-30.862
-1.57,-30.683
-1.571,-30.745
-1.572,-30.953
-1.573,-30.972
-1.574,-30.953
-1.575,-30.777
-1.576,-30.934
-1.577,-30.927
-1.578,-30.945
-1.579,-31.075
-1.58,-30.898
-1.581,-31.199
-1.582,-31.113
-1.583,-31.251
-1.584,-31.214
-1.585,-31.256
-1.586,-31.277
-1.587,-31.279
-1.588,-31.297
-1.589,-31.57
-1.59,-31.38
-1.591,-31.241
-1.592,-31.494
-1.593,-31.53
-1.594,-31.506
-1.595,-31.523
-1.596,-31.54
-1.597,-31.614
-1.598,-31.67
-1.599,-31.526
-1.6,-31.775
-1.601,-31.547
-1.602,-31.49
-1.603,-31.567
-1.604,-31.568
-1.605,-31.798
-1.606,-31.639
-1.607,-31.709
-1.608,-31.804
-1.609,-31.701
-1.61,-31.925
-1.611,-31.879
-1.612,-32.029
-1.613,-31.921
-1.614,-32.012
-1.615,-31.938
-1.616,-32.037
-1.617,-32.011
-1.618,-32.218
-1.619,-32.197
-1.62,-32.285
-1.621,-32.196
-1.622,-32.323
-1.623,-32.175
-1.624,-32.35
-1.625,-32.239
-1.626,-32.249
-1.627,-32.538
-1.628,-32.459
-1.629,-32.624
-1.63,-32.469
-1.631,-32.724
-1.632,-32.218
-1.633,-32.531
-1.634,-32.672
-1.635,-32.557
-1.636,-32.712
-1.637,-32.702
-1.638,-32.594
-1.639,-32.714
-1.64,-32.711
-1.641,-32.718
-1.642,-32.704
-1.643,-32.712
-1.644,-32.809
-1.645,-32.883
-1.646,-32.946
-1.647,-32.862
-1.648,-33.058
-1.649,-33.018
-1.65,-32.899
-1.651,-33.04
-1.652,-33.008
-1.653,-32.934
-1.654,-33.038
-1.655,-33.17
-1.656,-33.192
-1.657,-33.415
-1.658,-33.227
-1.659,-33.19
-1.66,-33.324
-1.661,-33.23
-1.662,-33.245
-1.663,-33.391
-1.664,-33.522
-1.665,-33.394
-1.666,-33.637
-1.667,-33.751
-1.668,-33.385
-1.669,-33.662
-1.67,-33.663
-1.671,-33.611
-1.672,-33.594
-1.673,-33.624
-1.674,-33.724
-1.675,-33.611
-1.676,-33.895
-1.677,-33.894
-1.678,-33.692
-1.679,-33.874
-1.68,-33.816
-1.681,-33.712
-1.682,-33.791
-1.683,-33.756
-1.684,-33.85
-1.685,-34.031
-1.686,-34.244
-1.687,-33.838
-1.688,-33.929
-1.689,-33.911
-1.69,-34.109
-1.691,-34.046
-1.692,-34.116
-1.693,-34.203
-1.694,-34.294
-1.695,-34.434
-1.696,-34.305
-1.697,-34.462
-1.698,-34.521
-1.699,-34.589
-1.7,-34.579
-1.701,-34.481
-1.702,-34.438
-1.703,-34.48
-1.704,-34.459
-1.705,-34.457
-1.706,-34.498
-1.707,-34.931
-1.708,-34.89
-1.709,-34.848
-1.71,-34.738
-1.711,-34.825
-1.712,-34.687
-1.713,-34.872
-1.714,-34.813
-1.715,-34.786
-1.716,-34.736
-1.717,-34.766
-1.718,-34.902
-1.719,-35.074
-1.72,-34.8
-1.721,-34.95
-1.722,-35.156
-1.723,-35.254
-1.724,-35.289
-1.725,-35.462
-1.726,-35.072
-1.727,-35.175
-1.728,-35.197
-1.729,-35.349
-1.73,-35.344
-1.731,-35.263
-1.732,-35.275
-1.733,-35.358
-1.734,-35.436
-1.735,-35.377
-1.736,-35.519
-1.737,-35.332
-1.738,-35.581
-1.739,-35.408
-1.74,-35.758
-1.741,-35.452
-1.742,-35.579
-1.743,-35.445
-1.744,-35.596
-1.745,-35.828
-1.746,-35.904
-1.747,-35.839
-1.748,-35.704
-1.749,-35.976
-1.75,-35.884
-1.751,-35.955
-1.752,-36
-1.753,-36.058
-1.754,-36.195
-1.755,-36.007
-1.756,-36.203
-1.757,-36.188
-1.758,-36.257
-1.759,-36.175
-1.76,-36.371
-1.761,-36.413
-1.762,-36.379
-1.763,-36.525
-1.764,-36.647
-1.765,-36.723
-1.766,-36.529
-1.767,-36.467
-1.768,-36.343
-1.769,-36.445
-1.77,-36.573
-1.771,-36.477
-1.772,-36.672
-1.773,-36.864
-1.774,-36.841
-1.775,-36.576
-1.776,-36.839
-1.777,-36.784
-1.778,-36.638
-1.779,-36.706
-1.78,-36.838
-1.781,-36.848
-1.782,-36.966
-1.783,-36.854
-1.784,-37.092
-1.785,-36.968
-1.786,-37.035
-1.787,-37.053
-1.788,-36.863
-1.789,-37.26
-1.79,-37.116
-1.791,-37.224
-1.792,-37.257
-1.793,-37.325
-1.794,-37.136
-1.795,-37.051
-1.796,-37.365
-1.797,-37.27
-1.798,-37.311
-1.799,-37.42
-1.8,-37.439
-1.801,-37.509
-1.802,-37.518
-1.803,-37.513
-1.804,-37.538
-1.805,-37.779
-1.806,-37.472
-1.807,-37.466
-1.808,-37.789
-1.809,-37.614
-1.81,-37.92
-1.811,-37.929
-1.812,-37.773
-1.813,-37.954
-1.814,-37.77
-1.815,-38.156
-1.816,-37.899
-1.817,-38.197
-1.818,-38.23
-1.819,-38.134
-1.82,-38.302
-1.821,-38.247
-1.822,-38.267
-1.823,-38.256
-1.824,-38.18
-1.825,-38.071
-1.826,-38.267
-1.827,-38.297
-1.828,-38.354
-1.829,-38.286
-1.83,-38.249
-1.831,-38.502
-1.832,-38.465
-1.833,-38.567
-1.834,-38.504
-1.835,-38.533
-1.836,-38.434
-1.837,-38.559
-1.838,-38.627
-1.839,-38.579
-1.84,-38.682
-1.841,-38.815
-1.842,-38.661
-1.843,-38.831
-1.844,-39.017
-1.845,-38.737
-1.846,-39.06
-1.847,-39.043
-1.848,-38.807
-1.849,-39.14
-1.85,-39.076
-1.851,-39.288
-1.852,-39.255
-1.853,-39.316
-1.854,-39.234
-1.855,-39.342
-1.856,-39.423
-1.857,-39.046
-1.858,-39.342
-1.859,-39.348
-1.86,-39.229
-1.861,-39.367
-1.862,-39.539
-1.863,-39.508
-1.864,-39.281
-1.865,-39.584
-1.866,-39.617
-1.867,-39.471
-1.868,-39.587
-1.869,-39.622
-1.87,-39.817
-1.871,-39.769
-1.872,-39.942
-1.873,-39.832
-1.874,-39.682
-1.875,-39.873
-1.876,-40.145
-1.877,-39.989
-1.878,-40.01
-1.879,-40.121
-1.88,-40.032
-1.881,-40.077
-1.882,-40.233
-1.883,-40.205
-1.884,-40.329
-1.885,-40.449
-1.886,-40.271
-1.887,-40.232
-1.888,-40.338
-1.889,-40.232
-1.89,-40.371
-1.891,-40.53
-1.892,-40.457
-1.893,-40.327
-1.894,-40.673
-1.895,-40.704
-1.896,-40.76
-1.897,-40.442
-1.898,-40.687
-1.899,-40.426
-1.9,-40.597
-1.901,-40.561
-1.902,-40.898
-1.903,-40.55
-1.904,-40.519
-1.905,-40.645
-1.906,-40.876
-1.907,-40.612
-1.908,-41.017
-1.909,-40.811
-1.91,-40.861
-1.911,-41.289
-1.912,-40.922
-1.913,-41.016
-1.914,-40.947
-1.915,-41.074
-1.916,-41.147
-1.917,-41.323
-1.918,-41.388
-1.919,-41.504
-1.92,-41.411
-1.921,-41.595
-1.922,-41.941
-1.923,-41.451
-1.924,-41.648
-1.925,-41.43
-1.926,-41.278
-1.927,-41.407
-1.928,-41.962
-1.929,-41.817
-1.93,-41.593
-1.931,-41.764
-1.932,-41.466
-1.933,-41.706
-1.934,-41.971
-1.935,-41.953
-1.936,-42.111
-1.937,-41.919
-1.938,-41.98
-1.939,-41.959
-1.94,-42.23
-1.941,-41.795
-1.942,-42.271
-1.943,-41.929
-1.944,-42.279
-1.945,-42.279
-1.946,-42.249
-1.947,-42.503
-1.948,-42.237
-1.949,-42.46
-1.95,-42.537
-1.951,-42.845
-1.952,-42.582
-1.953,-42.555
-1.954,-42.517
-1.955,-42.497
-1.956,-42.445
-1.957,-42.713
-1.958,-42.658
-1.959,-42.799
-1.96,-43.192
-1.961,-43.02
-1.962,-42.807
-1.963,-43.111
-1.964,-43.156
-1.965,-43.053
-1.966,-43.002
-1.967,-42.934
-1.968,-42.989
-1.969,-43.085
-1.97,-43.136
-1.971,-42.996
-1.972,-43.32
-1.973,-43.463
-1.974,-43.364
-1.975,-43.479
-1.976,-43.57
-1.977,-43.423
-1.978,-43.635
-1.979,-43.724
-1.98,-43.793
-1.981,-43.491
-1.982,-43.88
-1.983,-43.805
-1.984,-44.032
-1.985,-43.912
-1.986,-43.943
-1.987,-43.941
-1.988,-44.133
-1.989,-44.289
-1.99,-44.047
-1.991,-44.001
-1.992,-44.272
-1.993,-44.064
-1.994,-44.09
-1.995,-44.242
-1.996,-44.307
-1.997,-44.258
-1.998,-44.488
-1.999,-44.614
-2,-44.38
-2.001,-44.446
-2.002,-44.325
-2.003,-44.378
-2.004,-44.422
-2.005,-44.485
-2.006,-44.409
-2.007,-44.814
-2.008,-44.684
-2.009,-44.655
-2.01,-44.721
-2.011,-44.905
-2.012,-44.608
-2.013,-44.824
-2.014,-44.778
-2.015,-44.801
-2.016,-45.107
-2.017,-45.213
-2.018,-45.302
-2.019,-45.136
-2.02,-45.233
-2.021,-45.155
-2.022,-45.19
-2.023,-45.351
-2.024,-45.032
-2.025,-45.35
-2.026,-45.315
-2.027,-45.338
-2.028,-45.375
-2.029,-45.376
-2.03,-45.362
-2.031,-45.538
-2.032,-45.556
-2.033,-45.744
-2.034,-45.639
-2.035,-45.679
-2.036,-45.569
-2.037,-45.546
-2.038,-45.902
-2.039,-45.445
-2.04,-45.684
-2.041,-45.833
-2.042,-45.846
-2.043,-45.806
-2.044,-45.822
-2.045,-45.894
-2.046,-45.928
-2.047,-46.153
-2.048,-46.042
-2.049,-46.335
-2.05,-46.244
-2.051,-46.205
-2.052,-46.136
-2.053,-46.289
-2.054,-46.256
-2.055,-46.215
-2.056,-46.303
-2.057,-46.241
-2.058,-46.053
-2.059,-46.296
-2.06,-46.34
-2.061,-46.269
-2.062,-46.3
-2.063,-46.522
-2.064,-46.617
-2.065,-46.756
-2.066,-46.626
-2.067,-46.746
-2.068,-46.759
-2.069,-46.612
-2.07,-46.673
-2.071,-46.933
-2.072,-46.933
-2.073,-46.739
-2.074,-46.989
-2.075,-46.947
-2.076,-47.068
-2.077,-46.93
-2.078,-47.409
-2.079,-47.079
-2.08,-47.218
-2.081,-47.432
-2.082,-47.496
-2.083,-47.459
-2.084,-47.431
-2.085,-47.864
-2.086,-47.423
-2.087,-47.603
-2.088,-47.736
-2.089,-47.869
-2.09,-47.65
-2.091,-47.839
-2.092,-47.689
-2.093,-47.445
-2.094,-47.565
-2.095,-47.828
-2.096,-48.094
-2.097,-48.121
-2.098,-48.032
-2.099,-47.752
-2.1,-47.922
-2.101,-47.852
-2.102,-48.164
-2.103,-48.291
-2.104,-48.295
-2.105,-48.523
-2.106,-48.333
-2.107,-48.142
-2.108,-48.238
-2.109,-48.306
-2.11,-48.452
-2.111,-48.541
-2.112,-48.371
-2.113,-48.341
-2.114,-48.077
-2.115,-48.396
-2.116,-48.699
-2.117,-48.794
-2.118,-48.843
-2.119,-48.438
-2.12,-48.855
-2.121,-48.473
-2.122,-48.519
-2.123,-48.499
-2.124,-48.803
-2.125,-48.804
-2.126,-49.032
-2.127,-48.894
-2.128,-48.868
-2.129,-49.049
-2.13,-49.425
-2.131,-49.177
-2.132,-49.207
-2.133,-49.129
-2.134,-49.406
-2.135,-49.165
-2.136,-49.432
-2.137,-49.079
-2.138,-49.404
-2.139,-49.527
-2.14,-49.453
-2.141,-49.458
-2.142,-49.571
-2.143,-49.834
-2.144,-49.399
-2.145,-49.357
-2.146,-49.445
-2.147,-49.579
-2.148,-49.863
-2.149,-49.781
-2.15,-49.902
-2.151,-49.768
-2.152,-49.658
-2.153,-49.644
-2.154,-49.816
-2.155,-49.885
-2.156,-50.32
-2.157,-50.124
-2.158,-50.181
-2.159,-50.263
-2.16,-50.211
-2.161,-50.782
-2.162,-50.662
-2.163,-50.386
-2.164,-50.623
-2.165,-50.388
-2.166,-50.275
-2.167,-49.966
-2.168,-50.413
-2.169,-50.333
-2.17,-50.439
-2.171,-50.642
-2.172,-50.746
-2.173,-50.538
-2.174,-50.873
-2.175,-50.79
-2.176,-50.967
-2.177,-51.023
-2.178,-51.017
-2.179,-51.02
-2.18,-51.117
-2.181,-51.141
-2.182,-51.093
-2.183,-51.343
-2.184,-51.04
-2.185,-51.084
-2.186,-50.948
-2.187,-50.772
-2.188,-51.146
-2.189,-51.187
-2.19,-51.623
-2.191,-51.724
-2.192,-51.816
-2.193,-51.775
-2.194,-51.639
-2.195,-51.861
-2.196,-51.747
-2.197,-51.653
-2.198,-51.899
-2.199,-52.179
-2.2,-52.032
-2.201,-52.074
-2.202,-52.155
-2.203,-51.884
-2.204,-52.219
-2.205,-52.355
-2.206,-52.615
-2.207,-52.461
-2.208,-52.499
-2.209,-52.289
-2.21,-52.287
-2.211,-52.52
-2.212,-52.669
-2.213,-52.341
-2.214,-52.278
-2.215,-52.285
-2.216,-52.327
-2.217,-52.5
-2.218,-52.456
-2.219,-52.461
-2.22,-52.724
-2.221,-52.457
-2.222,-52.95
-2.223,-53.166
-2.224,-53.181
-2.225,-52.994
-2.226,-52.851
-2.227,-53.031
-2.228,-53.292
-2.229,-53.013
-2.23,-52.931
-2.231,-53.168
-2.232,-53.162
-2.233,-53.104
-2.234,-52.851
-2.235,-53.026
-2.236,-53.256
-2.237,-53.159
-2.238,-53.194
-2.239,-53.44
-2.24,-53.458
-2.241,-53.696
-2.242,-53.466
-2.243,-53.435
-2.244,-53.974
-2.245,-53.782
-2.246,-53.888
-2.247,-53.867
-2.248,-53.505
-2.249,-53.428
-2.25,-53.82
-2.251,-53.594
-2.252,-53.979
-2.253,-53.934
-2.254,-54.128
-2.255,-53.944
-2.256,-53.866
-2.257,-54.05
-2.258,-54.421
-2.259,-54.645
-2.26,-54.158
-2.261,-53.856
-2.262,-53.891
-2.263,-54.516
-2.264,-54.663
-2.265,-54.919
-2.266,-54.795
-2.267,-54.595
-2.268,-54.784
-2.269,-54.615
-2.27,-54.645
-2.271,-54.674
-2.272,-54.525
-2.273,-54.75
-2.274,-55.053
-2.275,-54.857
-2.276,-55.113
-2.277,-55.086
-2.278,-55.034
-2.279,-55.227
-2.28,-55.369
-2.281,-54.736
-2.282,-54.717
-2.283,-55.226
-2.284,-55.526
-2.285,-55.557
-2.286,-55.68
-2.287,-55.59
-2.288,-55.922
-2.289,-55.663
-2.29,-55.434
-2.291,-56.039
-2.292,-55.596
-2.293,-55.794
-2.294,-55.638
-2.295,-55.842
-2.296,-56.126
-2.297,-56.048
-2.298,-56.044
-2.299,-56.103
-2.3,-55.942
-2.301,-55.822
-2.302,-55.626
-2.303,-56.392
-2.304,-56.456
-2.305,-56.275
-2.306,-56.674
-2.307,-56.587
-2.308,-56.952
-2.309,-56.316
-2.31,-56.762
-2.311,-56.471
-2.312,-56.713
-2.313,-56.683
-2.314,-56.694
-2.315,-56.993
-2.316,-56.755
-2.317,-57.104
-2.318,-57.359
-2.319,-56.863
-2.32,-56.93
-2.321,-57.141
-2.322,-57.058
-2.323,-57.295
-2.324,-57.393
-2.325,-57.328
-2.326,-57.734
-2.327,-57.381
-2.328,-57.152
-2.329,-57.378
-2.33,-57.425
-2.331,-57.847
-2.332,-57.71
-2.333,-57.49
-2.334,-57.358
-2.335,-57.514
-2.336,-57.944
-2.337,-57.813
-2.338,-57.495
-2.339,-57.261
-2.34,-57.394
-2.341,-57.62
-2.342,-57.575
-2.343,-57.944
-2.344,-57.807
-2.345,-57.692
-2.346,-57.688
-2.347,-58.313
-2.348,-57.818
-2.349,-57.916
-2.35,-58.331
-2.351,-58.898
-2.352,-58.4
-2.353,-58.196
-2.354,-58.298
-2.355,-58.408
-2.356,-58.586
-2.357,-58.366
-2.358,-58.652
-2.359,-58.665
-2.36,-58.576
-2.361,-58.636
-2.362,-58.239
-2.363,-58.45
-2.364,-58.298
-2.365,-58.545
-2.366,-58.636
-2.367,-59.241
-2.368,-58.709
-2.369,-58.985
-2.37,-59.72
-2.371,-59.475
-2.372,-59.492
-2.373,-59.06
-2.374,-59.645
-2.375,-59.613
-2.376,-59.441
-2.377,-59.213
-2.378,-59.653
-2.379,-59.397
-2.38,-59.543
-2.381,-59.398
-2.382,-59.464
-2.383,-59.902
-2.384,-59.399
-2.385,-59.736
-2.386,-59.794
-2.387,-59.574
-2.388,-60.387
-2.389,-60.258
-2.39,-60.178
-2.391,-60.049
-2.392,-60.381
-2.393,-59.429
-2.394,-59.425
-2.395,-59.733
-2.396,-59.731
-2.397,-59.792
-2.398,-59.962
-2.399,-60.717
-2.4,-60.226
-2.401,-59.891
-2.402,-59.844
-2.403,-60.14
-2.404,-59.987
-2.405,-59.932
-2.406,-60.581
-2.407,-60.906
-2.408,-60.711
-2.409,-60.918
-2.41,-60.936
-2.411,-60.673
-2.412,-61.137
-2.413,-61.502
-2.414,-60.944
-2.415,-60.718
-2.416,-60.276
-2.417,-60.81
-2.418,-60.976
-2.419,-61.138
-2.42,-61.244
-2.421,-60.795
-2.422,-61.055
-2.423,-61.056
-2.424,-61.181
-2.425,-61.527
-2.426,-61.155
-2.427,-60.978
-2.428,-61.187
-2.429,-61.251
-2.43,-61.361
-2.431,-61.462
-2.432,-61.386
-2.433,-61.233
-2.434,-62.017
-2.435,-61.601
-2.436,-62.028
-2.437,-61.955
-2.438,-62.299
-2.439,-62.409
-2.44,-62.542
-2.441,-61.964
-2.442,-62.105
-2.443,-62.47
-2.444,-61.985
-2.445,-62.308
-2.446,-62.565
-2.447,-62.461
-2.448,-62.483
-2.449,-61.975
-2.45,-62.232
-2.451,-62.856
-2.452,-62.731
-2.453,-63.05
-2.454,-62.828
-2.455,-63.229
-2.456,-62.725
-2.457,-62.919
-2.458,-62.829
-2.459,-62.295
-2.46,-62.305
-2.461,-62.772
-2.462,-62.655
-2.463,-62.632
-2.464,-62.417
-2.465,-62.122
-2.466,-62.277
-2.467,-63.032
-2.468,-62.948
-2.469,-62.891
-2.47,-63.491
-2.471,-62.724
-2.472,-63.157
-2.473,-62.929
-2.474,-63.191
-2.475,-63.029
-2.476,-63.404
-2.477,-63.522
-2.478,-63.566
-2.479,-63.099
-2.48,-63.42
-2.481,-63.468
-2.482,-63.901
-2.483,-63.437
-2.484,-63.989
-2.485,-63.861
-2.486,-64.202
-2.487,-64.162
-2.488,-63.911
-2.489,-63.437
-2.49,-64.028
-2.491,-64.105
-2.492,-64.365
-2.493,-64.707
-2.494,-64.025
-2.495,-64.074
-2.496,-64.184
-2.497,-64.333
-2.498,-64.378
-2.499,-65.207
-2.5,-64.448
-2.501,-64.737
-2.502,-64.189
-2.503,-64.657
-2.504,-65.277
-2.505,-65.158
-2.506,-64.564
-2.507,-64.874
-2.508,-65.248
-2.509,-64.922
-2.51,-65.871
-2.511,-65.032
-2.512,-64.882
-2.513,-65.349
-2.514,-65.83
-2.515,-64.873
-2.516,-65.414
-2.517,-65.975
-2.518,-65.539
-2.519,-65.91
-2.52,-66.094
-2.521,-66.184
-2.522,-66.236
-2.523,-66.18
-2.524,-66.082
-2.525,-65.715
-2.526,-65.566
-2.527,-65.693
-2.528,-65.39
-2.529,-65.14
-2.53,-66.145
-2.531,-66.354
-2.532,-66.47
-2.533,-66.466
-2.534,-66.697
-2.535,-66.515
-2.536,-66.261
-2.537,-66.391
-2.538,-66.675
-2.539,-66.166
-2.54,-66.359
-2.541,-66.567
-2.542,-66.107
-2.543,-66.486
-2.544,-66.297
-2.545,-66.457
-2.546,-66.284
-2.547,-66.39
-2.548,-67.25
-2.549,-67.24
-2.55,-66.565
-2.551,-67.123
-2.552,-66.805
-2.553,-67.154
-2.554,-67.655
-2.555,-66.675
-2.556,-66.373
-2.557,-66.327
-2.558,-66.32
-2.559,-66.482
-2.56,-66.243
-2.561,-66.428
-2.562,-67.097
-2.563,-67.188
-2.564,-66.716
-2.565,-66.745
-2.566,-66.525
-2.567,-67.578
-2.568,-67.285
-2.569,-66.832
-2.57,-66.92
-2.571,-67.527
-2.572,-66.975
-2.573,-67.097
-2.574,-67.895
-2.575,-67.749
-2.576,-67.808
-2.577,-68.404
-2.578,-67.834
-2.579,-68.502
-2.58,-68.657
-2.581,-68.328
-2.582,-68.457
-2.583,-67.816
-2.584,-68.042
-2.585,-67.896
-2.586,-68.152
-2.587,-67.996
-2.588,-68.449
-2.589,-68.346
-2.59,-68.231
-2.591,-68.487
-2.592,-68.407
-2.593,-67.626
-2.594,-68.426
-2.595,-68.43
-2.596,-68.046
-2.597,-68.268
-2.598,-68.765
-2.599,-68.665
-2.6,-69.429
-2.601,-68.334
-2.602,-69.423
-2.603,-68.5
-2.604,-69.098
-2.605,-68.063
-2.606,-68.238
-2.607,-68.471
-2.608,-69.934
-2.609,-70.132
-2.61,-69.295
-2.611,-69.519
-2.612,-69.514
-2.613,-69.437
-2.614,-69.266
-2.615,-69.9
-2.616,-69.779
-2.617,-68.651
-2.618,-69.345
-2.619,-69.783
-2.62,-69.206
-2.621,-69.907
-2.622,-69.641
-2.623,-69.986
-2.624,-69.703
-2.625,-69.658
-2.626,-68.967
-2.627,-69.468
-2.628,-69.627
-2.629,-70.116
-2.63,-69.549
-2.631,-69.512
-2.632,-70.326
-2.633,-70.599
-2.634,-69.449
-2.635,-70.711
-2.636,-70.74
-2.637,-70.14
-2.638,-69.748
-2.639,-70.673
-2.64,-70.766
-2.641,-70.63
-2.642,-71.081
-2.643,-70.975
-2.644,-71.355
-2.645,-71.618
-2.646,-71.241
-2.647,-71.486
-2.648,-71.31
-2.649,-71.326
-2.65,-70.973
-2.651,-71.348
-2.652,-70.998
-2.653,-71.045
-2.654,-71.217
-2.655,-71.263
-2.656,-70.835
-2.657,-71.624
-2.658,-71.624
-2.659,-71.639
-2.66,-72.175
-2.661,-71.984
-2.662,-72.406
-2.663,-71.022
-2.664,-72.146
-2.665,-72.116
-2.666,-72.055
-2.667,-72.051
-2.668,-71.624
-2.669,-71.392
-2.67,-72.001
-2.671,-71.304
-2.672,-71.464
-2.673,-71.782
-2.674,-72.294
-2.675,-71.332
-2.676,-71.578
-2.677,-72.138
-2.678,-72.167
-2.679,-71.526
-2.68,-72.006
-2.681,-72.793
-2.682,-72.228
-2.683,-72.537
-2.684,-72.631
-2.685,-72.657
-2.686,-72.118
-2.687,-72.828
-2.688,-72.048
-2.689,-73.109
-2.69,-72.208
-2.691,-72.29
-2.692,-72.519
-2.693,-72.631
-2.694,-72.882
-2.695,-72.862
-2.696,-73.244
-2.697,-73.699
-2.698,-73.725
-2.699,-73.555
-2.7,-73.721
-2.701,-73.008
-2.702,-73.314
-2.703,-73.269
-2.704,-73.56
-2.705,-73.463
-2.706,-73.914
-2.707,-73.665
-2.708,-73.844
-2.709,-74.004
-2.71,-74.368
-2.711,-74.305
-2.712,-74.204
-2.713,-73.837
-2.714,-74.075
-2.715,-74.359
-2.716,-74.296
-2.717,-74.349
-2.718,-74.08
-2.719,-74.315
-2.72,-74.372
-2.721,-74.481
-2.722,-74.459
-2.723,-74.639
-2.724,-74.743
-2.725,-74.51
-2.726,-74.147
-2.727,-74.466
-2.728,-74.068
-2.729,-74.471
-2.73,-74.399
-2.731,-73.83
-2.732,-74.371
-2.733,-74.608
-2.734,-74.607
-2.735,-74.529
-2.736,-74.7
-2.737,-74.616
-2.738,-74.132
-2.739,-74.557
-2.74,-74.827
-2.741,-74.89
-2.742,-74.636
-2.743,-74.904
-2.744,-75.309
-2.745,-75.499
-2.746,-75.069
-2.747,-75.407
-2.748,-74.842
-2.749,-75.37
-2.75,-74.716
-2.751,-75.124
-2.752,-75.362
-2.753,-75.793
-2.754,-75.825
-2.755,-75.771
-2.756,-75.567
-2.757,-75.616
-2.758,-75.612
-2.759,-75.972
-2.76,-75.664
-2.761,-75.88
-2.762,-76.236
-2.763,-76.048
-2.764,-76.177
-2.765,-75.852
-2.766,-76.198
-2.767,-76.3
-2.768,-76.091
-2.769,-76.285
-2.77,-75.73
-2.771,-75.806
-2.772,-76.452
-2.773,-76.564
-2.774,-76.576
-2.775,-76.424
-2.776,-76.721
-2.777,-76.401
-2.778,-75.958
-2.779,-76.403
-2.78,-76.507
-2.781,-76.213
-2.782,-76.442
-2.783,-76.664
-2.784,-76.702
-2.785,-76.844
-2.786,-76.871
-2.787,-76.851
-2.788,-77.039
-2.789,-76.459
-2.79,-76.841
-2.791,-77.114
-2.792,-77.663
-2.793,-77.439
-2.794,-77.626
-2.795,-77.51
-2.796,-77.669
-2.797,-76.981
-2.798,-77.008
-2.799,-77.087
-2.8,-77.274
-2.801,-76.941
-2.802,-76.205
-2.803,-77.163
-2.804,-77.174
-2.805,-77.497
-2.806,-77.467
-2.807,-77.787
-2.808,-77.291
-2.809,-77.573
-2.81,-76.723
-2.811,-76.847
-2.812,-77.322
-2.813,-77.624
-2.814,-77.806
-2.815,-78.076
-2.816,-77.804
-2.817,-77.868
-2.818,-77.004
-2.819,-77.864
-2.82,-77.848
-2.821,-78.314
-2.822,-78.05
-2.823,-78.634
-2.824,-78.769
-2.825,-77.74
-2.826,-77.542
-2.827,-78.915
-2.828,-79.293
-2.829,-79.357
-2.83,-79.558
-2.831,-79.489
-2.832,-78.38
-2.833,-78.878
-2.834,-78.131
-2.835,-79.383
-2.836,-79.347
-2.837,-79.576
-2.838,-79.749
-2.839,-79.554
-2.84,-79.516
-2.841,-79.532
-2.842,-79.685
-2.843,-79.642
-2.844,-79.65
-2.845,-78.943
-2.846,-79.639
-2.847,-79.313
-2.848,-79.695
-2.849,-79.747
-2.85,-80.179
-2.851,-79.379
-2.852,-80.296
-2.853,-80.328
-2.854,-79.721
-2.855,-79.331
-2.856,-80.135
-2.857,-80.075
-2.858,-80.224
-2.859,-80.499
-2.86,-79.703
-2.861,-80.75
-2.862,-80.162
-2.863,-80.227
-2.864,-79.945
-2.865,-80.04
-2.866,-79.452
-2.867,-80.693
-2.868,-80.477
-2.869,-79.806
-2.87,-79.769
-2.871,-80.069
-2.872,-81.084
-2.873,-80.96
-2.874,-81.052
-2.875,-81.206
-2.876,-81.108
-2.877,-80.997
-2.878,-80.461
-2.879,-81.467
-2.88,-81.254
-2.881,-81.437
-2.882,-80.82
-2.883,-80.434
-2.884,-80.882
-2.885,-81.758
-2.886,-81.635
-2.887,-80.993
-2.888,-81.196
-2.889,-81.938
-2.89,-81.531
-2.891,-81.799
-2.892,-81.375
-2.893,-82.023
-2.894,-81.607
-2.895,-81.983
-2.896,-81.978
-2.897,-81.989
-2.898,-81.9
-2.899,-81.769
-2.9,-82.16
-2.901,-81.379
-2.902,-82.071
-2.903,-82.629
-2.904,-82.247
-2.905,-82.197
-2.906,-81.982
-2.907,-82.13
-2.908,-81.764
-2.909,-82.561
-2.91,-82.59
-2.911,-82.668
-2.912,-82.05
-2.913,-83.082
-2.914,-83.57
-2.915,-83.207
-2.916,-83.299
-2.917,-83.341
-2.918,-83.42
-2.919,-83.477
-2.92,-83.49
-2.921,-83.244
-2.922,-83.083
-2.923,-83.113
-2.924,-83.592
-2.925,-83.899
-2.926,-83.451
-2.927,-83.555
-2.928,-83.247
-2.929,-83.534
-2.93,-83.504
-2.931,-83.691
-2.932,-83.07
-2.933,-82.864
-2.934,-83.279
-2.935,-82.92
-2.936,-82.788
-2.937,-82.62
-2.938,-83.564
-2.939,-84.17
-2.94,-83.833
-2.941,-83.873
-2.942,-83.719
-2.943,-83.94
-2.944,-84.027
-2.945,-84.315
-2.946,-84.523
-2.947,-84.048
-2.948,-84.221
-2.949,-83.888
-2.95,-83.825
-2.951,-84.115
-2.952,-84.09
-2.953,-84.352
-2.954,-84.072
-2.955,-84.27
-2.956,-83.381
-2.957,-83.794
-2.958,-84.501
-2.959,-84.35
-2.96,-83.896
-2.961,-84.016
-2.962,-84.436
-2.963,-84.41
-2.964,-83.969
-2.965,-84.51
-2.966,-84.803
-2.967,-84.845
-2.968,-84.928
-2.969,-84.88
-2.97,-85.271
-2.971,-85.312
-2.972,-85.279
-2.973,-85.284
-2.974,-84.151
-2.975,-84.868
-2.976,-84.934
-2.977,-85.393
-2.978,-85.514
-2.979,-85.123
-2.98,-85.68
-2.981,-85.829
-2.982,-85.173
-2.983,-85.689
-2.984,-85.843
-2.985,-86.033
-2.986,-85.498
-2.987,-86.249
-2.988,-85.998
-2.989,-86.05
-2.99,-85.942
-2.991,-85.646
-2.992,-86.085
-2.993,-85.817
-2.994,-85.511
-2.995,-86.18
-2.996,-86.448
-2.997,-86.053
-2.998,-86.371
-2.999,-86.177
-3,-86.35
